scheme,condition,wm,prompt_id,seed,score_weighted
SynthID,clean,0,0,11,0.4985241502086528
SynthID,clean,0,0,12,0.501507938598637
SynthID,clean,0,0,13,0.5003696862393431
SynthID,clean,0,0,14,0.497019088930757
SynthID,clean,0,1,11,0.4993332338159924
SynthID,clean,0,1,12,0.5032087860006832
SynthID,clean,0,1,13,0.500472773714153
SynthID,clean,0,1,14,0.49862543351860045
SynthID,clean,0,2,11,0.49942737722048075
SynthID,clean,0,2,12,0.5041139058244678
SynthID,clean,0,2,13,0.4932484340078713
SynthID,clean,0,2,14,0.5002456116948143
SynthID,clean,0,3,11,0.5023795695966653
SynthID,clean,0,3,12,0.49976834172445456
SynthID,clean,0,3,13,0.5046662978671093
SynthID,clean,0,3,14,0.5017714829346327
SynthID,clean,0,4,11,0.5014477008729883
SynthID,clean,0,4,12,0.5010378160545013
SynthID,clean,0,4,13,0.5030576572732197
SynthID,clean,0,4,14,0.505914315569488
SynthID,clean,0,5,11,0.5053151815402269
SynthID,clean,0,5,12,0.5058352205809605
SynthID,clean,0,5,13,0.5076958632982974
SynthID,clean,0,5,14,0.5028693343809938
SynthID,clean,0,6,11,0.5056236559393797
SynthID,clean,0,6,12,0.4958254070323036
SynthID,clean,0,6,13,0.4985443768454702
SynthID,clean,0,6,14,0.5027365817647065
SynthID,clean,0,7,11,0.503000864897216
SynthID,clean,0,7,12,0.5021880550019978
SynthID,clean,0,7,13,0.4997499280193846
SynthID,clean,0,7,14,0.498430815672195
SynthID,clean,0,8,11,0.4988721828760143
SynthID,clean,0,8,12,0.5012505018236485
SynthID,clean,0,8,13,0.5051349822140897
SynthID,clean,0,8,14,0.5045208918563151
SynthID,clean,0,9,11,0.49783136019695157
SynthID,clean,0,9,12,0.5043380552074564
SynthID,clean,0,9,13,0.5009051640942702
SynthID,clean,0,9,14,0.4978391988936304
SynthID,clean,0,10,11,0.49555503986343774
SynthID,clean,0,10,12,0.5075212129322848
SynthID,clean,0,10,13,0.5012212571032716
SynthID,clean,0,10,14,0.49778487940400507
SynthID,clean,0,11,11,0.5000313857765711
SynthID,clean,0,11,12,0.5035173367245309
SynthID,clean,0,11,13,0.5028265282457388
SynthID,clean,0,11,14,0.5036495220403266
SynthID,clean,0,12,11,0.4963016388510582
SynthID,clean,0,12,12,0.49681920675156116
SynthID,clean,0,12,13,0.49932093497480606
SynthID,clean,0,12,14,0.49817682353791665
SynthID,clean,0,13,11,0.5027464445209131
SynthID,clean,0,13,12,0.5002964629182055
SynthID,clean,0,13,13,0.49667899785566066
SynthID,clean,0,13,14,0.4994143669595903
SynthID,clean,0,14,11,0.5025281117921365
SynthID,clean,0,14,12,0.5034365744949982
SynthID,clean,0,14,13,0.5066782398274547
SynthID,clean,0,14,14,0.5047838868303199
SynthID,clean,0,15,11,0.5007150337697186
SynthID,clean,0,15,12,0.5021099158947994
SynthID,clean,0,15,13,0.5019765630942801
SynthID,clean,0,15,14,0.5009679370840896
SynthID,clean,0,16,11,0.49952599125012914
SynthID,clean,0,16,12,0.49319365823955247
SynthID,clean,0,16,13,0.49645101104603917
SynthID,clean,0,16,14,0.4971111141009025
SynthID,clean,0,17,11,0.5028067737452735
SynthID,clean,0,17,12,0.5033044932079415
SynthID,clean,0,17,13,0.4997970420384213
SynthID,clean,0,17,14,0.49571114039467334
SynthID,clean,0,18,11,0.500866802718226
SynthID,clean,0,18,12,0.50237783370372
SynthID,clean,0,18,13,0.5045293960654462
SynthID,clean,0,18,14,0.5025327619759762
SynthID,clean,0,19,11,0.5011064756981273
SynthID,clean,0,19,12,0.5043342124418856
SynthID,clean,0,19,13,0.5063669828781391
SynthID,clean,0,19,14,0.49854240830278235
SynthID,clean,0,20,11,0.4983415052380569
SynthID,clean,0,20,12,0.5040858390716232
SynthID,clean,0,20,13,0.5025056386762631
SynthID,clean,0,20,14,0.5015545043556744
SynthID,clean,0,21,11,0.4997776296127121
SynthID,clean,0,21,12,0.5007202140556516
SynthID,clean,0,21,13,0.4985186856154598
SynthID,clean,0,21,14,0.5032374539318684
SynthID,clean,0,22,11,0.4990395354031718
SynthID,clean,0,22,12,0.4987811417257878
SynthID,clean,0,22,13,0.5043531256431335
SynthID,clean,0,22,14,0.4989123940939424
SynthID,clean,0,23,11,0.4988915157134505
SynthID,clean,0,23,12,0.49560875516457054
SynthID,clean,0,23,13,0.49900684383443
SynthID,clean,0,23,14,0.501762839119161
SynthID,clean,1,0,11,0.5377193072614214
SynthID,clean,1,0,12,0.5317298896119698
SynthID,clean,1,0,13,0.535549270819136
SynthID,clean,1,0,14,0.5296799117436327
SynthID,clean,1,1,11,0.5396647090279557
SynthID,clean,1,1,12,0.5357671120309219
SynthID,clean,1,1,13,0.5335185769138024
SynthID,clean,1,1,14,0.537443480893368
SynthID,clean,1,2,11,0.5538009695294083
SynthID,clean,1,2,12,0.5704122958481979
SynthID,clean,1,2,13,0.5640567951318458
SynthID,clean,1,2,14,0.5569062677592623
SynthID,clean,1,3,11,0.5338248020590071
SynthID,clean,1,3,12,0.53316509125702
SynthID,clean,1,3,13,0.5335696304740193
SynthID,clean,1,3,14,0.5286202255196749
SynthID,clean,1,4,11,0.5442740987460815
SynthID,clean,1,4,12,0.5439155705864664
SynthID,clean,1,4,13,0.5328881235387178
SynthID,clean,1,4,14,0.5384461914120661
SynthID,clean,1,5,11,0.5299690797875917
SynthID,clean,1,5,12,0.5360165826706712
SynthID,clean,1,5,13,0.5340545913296123
SynthID,clean,1,5,14,0.5382661820233219
SynthID,clean,1,6,11,0.5419665665364319
SynthID,clean,1,6,12,0.5421748220860729
SynthID,clean,1,6,13,0.5490898194038245
SynthID,clean,1,6,14,0.5494007353807716
SynthID,clean,1,7,11,0.555465424372567
SynthID,clean,1,7,12,0.5506024353314994
SynthID,clean,1,7,13,0.5557853542225505
SynthID,clean,1,7,14,0.5550022458416746
SynthID,clean,1,8,11,0.5326700897685258
SynthID,clean,1,8,12,0.5350394932403928
SynthID,clean,1,8,13,0.5320381099312314
SynthID,clean,1,8,14,0.5259349462797739
SynthID,clean,1,9,11,0.5351635336139191
SynthID,clean,1,9,12,0.5322249743067112
SynthID,clean,1,9,13,0.5350154067025839
SynthID,clean,1,9,14,0.5341383100253924
SynthID,clean,1,10,11,0.560759140503583
SynthID,clean,1,10,12,0.5496128969651967
SynthID,clean,1,10,13,0.5487034540737198
SynthID,clean,1,10,14,0.5536408118358956
SynthID,clean,1,11,11,0.5383447914502273
SynthID,clean,1,11,12,0.5369486775267122
SynthID,clean,1,11,13,0.5354670744945268
SynthID,clean,1,11,14,0.5364312070292798
SynthID,clean,1,12,11,0.5346267214180714
SynthID,clean,1,12,12,0.5339378235212399
SynthID,clean,1,12,13,0.540504491781413
SynthID,clean,1,12,14,0.5390283783292757
SynthID,clean,1,13,11,0.5453289526565389
SynthID,clean,1,13,12,0.5505806956103113
SynthID,clean,1,13,13,0.5469992515285104
SynthID,clean,1,13,14,0.5481994111127145
SynthID,clean,1,14,11,0.5336955631344766
SynthID,clean,1,14,12,0.5357675985754804
SynthID,clean,1,14,13,0.5404175974070667
SynthID,clean,1,14,14,0.5360208883719856
SynthID,clean,1,15,11,0.5302304325161916
SynthID,clean,1,15,12,0.5311318814909942
SynthID,clean,1,15,13,0.5318915430083726
SynthID,clean,1,15,14,0.5335890496310286
SynthID,clean,1,16,11,0.5608864767073722
SynthID,clean,1,16,12,0.557725461973007
SynthID,clean,1,16,13,0.5551516915113598
SynthID,clean,1,16,14,0.5720427977770752
SynthID,clean,1,17,11,0.5433040242628131
SynthID,clean,1,17,12,0.5467452968047498
SynthID,clean,1,17,13,0.5389991367952388
SynthID,clean,1,17,14,0.5404489633727128
SynthID,clean,1,18,11,0.5359579964212198
SynthID,clean,1,18,12,0.5409968845344683
SynthID,clean,1,18,13,0.5297054205137869
SynthID,clean,1,18,14,0.531675978119575
SynthID,clean,1,19,11,0.5560988326115197
SynthID,clean,1,19,12,0.5526663478738288
SynthID,clean,1,19,13,0.543829869576996
SynthID,clean,1,19,14,0.5628263668869534
SynthID,clean,1,20,11,0.5368643329850226
SynthID,clean,1,20,12,0.5235227910699943
SynthID,clean,1,20,13,0.5300299104896806
SynthID,clean,1,20,14,0.534747990105133
SynthID,clean,1,21,11,0.5399707198451625
SynthID,clean,1,21,12,0.548003473863463
SynthID,clean,1,21,13,0.542272175072848
SynthID,clean,1,21,14,0.5481291269258988
SynthID,clean,1,22,11,0.5482871151836669
SynthID,clean,1,22,12,0.5434538078554305
SynthID,clean,1,22,13,0.5416807619734934
SynthID,clean,1,22,14,0.5528669178170086
SynthID,clean,1,23,11,0.5495081139935878
SynthID,clean,1,23,12,0.5523744072019934
SynthID,clean,1,23,13,0.5681874615432226
SynthID,clean,1,23,14,0.5539244918555263
SynthID,dia100,0,0,11,0.4996569098886792
SynthID,dia100,0,0,12,0.5055546570592561
SynthID,dia100,0,0,13,0.4992411316049267
SynthID,dia100,0,0,14,0.5031133082107595
SynthID,dia100,0,1,11,0.5020500572224711
SynthID,dia100,0,1,12,0.501362518423202
SynthID,dia100,0,1,13,0.49795929062003147
SynthID,dia100,0,1,14,0.4952708396534871
SynthID,dia100,0,2,11,0.5002847200253084
SynthID,dia100,0,2,12,0.5059876729839972
SynthID,dia100,0,2,13,0.501406819781204
SynthID,dia100,0,2,14,0.49939456725012443
SynthID,dia100,0,3,11,0.5020598468602009
SynthID,dia100,0,3,12,0.5002011112247332
SynthID,dia100,0,3,13,0.49911562533404014
SynthID,dia100,0,3,14,0.5038618405431644
SynthID,dia100,0,4,11,0.5067270688380865
SynthID,dia100,0,4,12,0.5038780649989458
SynthID,dia100,0,4,13,0.5040136946386946
SynthID,dia100,0,4,14,0.4982451688943091
SynthID,dia100,0,5,11,0.503471773012003
SynthID,dia100,0,5,12,0.4989322533601057
SynthID,dia100,0,5,13,0.49725327266132485
SynthID,dia100,0,5,14,0.5015704342413869
SynthID,dia100,0,6,11,0.5032798087026359
SynthID,dia100,0,6,12,0.5025340110174392
SynthID,dia100,0,6,13,0.5004927739806202
SynthID,dia100,0,6,14,0.5048022748453783
SynthID,dia100,0,7,11,0.5018616069451476
SynthID,dia100,0,7,12,0.4958326231253597
SynthID,dia100,0,7,13,0.4964967833208131
SynthID,dia100,0,7,14,0.4981493866784237
SynthID,dia100,0,8,11,0.50539435508899
SynthID,dia100,0,8,12,0.4979985138175321
SynthID,dia100,0,8,13,0.502236843616154
SynthID,dia100,0,8,14,0.5039040173232114
SynthID,dia100,0,9,11,0.5017983952994275
SynthID,dia100,0,9,12,0.5078238703721927
SynthID,dia100,0,9,13,0.5020954179316927
SynthID,dia100,0,9,14,0.5067838491732606
SynthID,dia100,0,10,11,0.49259906759906763
SynthID,dia100,0,10,12,0.5071703239289447
SynthID,dia100,0,10,13,0.4992539670967899
SynthID,dia100,0,10,14,0.5003303543033678
SynthID,dia100,0,11,11,0.5003434687059243
SynthID,dia100,0,11,12,0.503909848423955
SynthID,dia100,0,11,13,0.5049199699215813
SynthID,dia100,0,11,14,0.4975166242045408
SynthID,dia100,0,12,11,0.4976541396604093
SynthID,dia100,0,12,12,0.5062963653308481
SynthID,dia100,0,12,13,0.5046272600221432
SynthID,dia100,0,12,14,0.49807830646792606
SynthID,dia100,0,13,11,0.49954045954045956
SynthID,dia100,0,13,12,0.49960691795539625
SynthID,dia100,0,13,13,0.4996067422834237
SynthID,dia100,0,13,14,0.5015479529544865
SynthID,dia100,0,14,11,0.5038688669746717
SynthID,dia100,0,14,12,0.5006924672220465
SynthID,dia100,0,14,13,0.5043023174982538
SynthID,dia100,0,14,14,0.4975126584617659
SynthID,dia100,0,15,11,0.5030017484507071
SynthID,dia100,0,15,12,0.5063208146372447
SynthID,dia100,0,15,13,0.4998206815530765
SynthID,dia100,0,15,14,0.5046777411820463
SynthID,dia100,0,16,11,0.49445462330363005
SynthID,dia100,0,16,12,0.49480574640246533
SynthID,dia100,0,16,13,0.505420315358724
SynthID,dia100,0,16,14,0.5023479984145859
SynthID,dia100,0,17,11,0.5013809518559488
SynthID,dia100,0,17,12,0.4992497107663641
SynthID,dia100,0,17,13,0.4975257595598058
SynthID,dia100,0,17,14,0.5026849018536945
SynthID,dia100,0,18,11,0.5045728120191872
SynthID,dia100,0,18,12,0.4981886358623363
SynthID,dia100,0,18,13,0.4937690669341036
SynthID,dia100,0,18,14,0.5001604221568294
SynthID,dia100,0,19,11,0.4993060759692596
SynthID,dia100,0,19,12,0.5020378398808333
SynthID,dia100,0,19,13,0.5049996458910314
SynthID,dia100,0,19,14,0.49767632728393724
SynthID,dia100,0,20,11,0.49312843830890707
SynthID,dia100,0,20,12,0.5050773239681673
SynthID,dia100,0,20,13,0.4978978663161088
SynthID,dia100,0,20,14,0.4990640129101668
SynthID,dia100,0,21,11,0.4997983854453716
SynthID,dia100,0,21,12,0.4975453104168918
SynthID,dia100,0,21,13,0.49712142352365596
SynthID,dia100,0,21,14,0.5032577729145719
SynthID,dia100,0,22,11,0.4972165947535406
SynthID,dia100,0,22,12,0.5031306589437169
SynthID,dia100,0,22,13,0.5013083906138392
SynthID,dia100,0,22,14,0.5010673384386327
SynthID,dia100,0,23,11,0.49752699407871825
SynthID,dia100,0,23,12,0.5055760249991333
SynthID,dia100,0,23,13,0.4994306510761211
SynthID,dia100,0,23,14,0.49350429770452015
SynthID,dia100,1,0,11,0.5097016503357537
SynthID,dia100,1,0,12,0.5005823454997509
SynthID,dia100,1,0,13,0.5080235025761645
SynthID,dia100,1,0,14,0.50093800879687
SynthID,dia100,1,1,11,0.5032929307233633
SynthID,dia100,1,1,12,0.5094612909566819
SynthID,dia100,1,1,13,0.5061323610531839
SynthID,dia100,1,1,14,0.5179011471781216
SynthID,dia100,1,2,11,0.5185964347006953
SynthID,dia100,1,2,12,0.5244445606863921
SynthID,dia100,1,2,13,0.5136401801389208
SynthID,dia100,1,2,14,0.5222037049278812
SynthID,dia100,1,3,11,0.5131445901131022
SynthID,dia100,1,3,12,0.5088213350363372
SynthID,dia100,1,3,13,0.5085793796460225
SynthID,dia100,1,3,14,0.5041320052291839
SynthID,dia100,1,4,11,0.5098184625462032
SynthID,dia100,1,4,12,0.5135551549344654
SynthID,dia100,1,4,13,0.507905016375278
SynthID,dia100,1,4,14,0.5082901772556946
SynthID,dia100,1,5,11,0.5124065808005088
SynthID,dia100,1,5,12,0.5104441523128953
SynthID,dia100,1,5,13,0.5072897917354511
SynthID,dia100,1,5,14,0.5109390738701084
SynthID,dia100,1,6,11,0.5080353573757878
SynthID,dia100,1,6,12,0.5069110147480054
SynthID,dia100,1,6,13,0.5193891025904278
SynthID,dia100,1,6,14,0.5165517963266757
SynthID,dia100,1,7,11,0.5171590213500028
SynthID,dia100,1,7,12,0.516852932153229
SynthID,dia100,1,7,13,0.5130397260785191
SynthID,dia100,1,7,14,0.5171448713912199
SynthID,dia100,1,8,11,0.5074919319433426
SynthID,dia100,1,8,12,0.5081754060986036
SynthID,dia100,1,8,13,0.5116897921115647
SynthID,dia100,1,8,14,0.5053169749094514
SynthID,dia100,1,9,11,0.5114635573252733
SynthID,dia100,1,9,12,0.5094883813504503
SynthID,dia100,1,9,13,0.5093309078874435
SynthID,dia100,1,9,14,0.505905344445294
SynthID,dia100,1,10,11,0.5205920874402423
SynthID,dia100,1,10,12,0.5125754431595748
SynthID,dia100,1,10,13,0.5203143406165491
SynthID,dia100,1,10,14,0.5254492435824184
SynthID,dia100,1,11,11,0.5069661677288989
SynthID,dia100,1,11,12,0.5062511918582283
SynthID,dia100,1,11,13,0.5088661545558097
SynthID,dia100,1,11,14,0.5124177589437497
SynthID,dia100,1,12,11,0.5108032494016921
SynthID,dia100,1,12,12,0.5101874808971629
SynthID,dia100,1,12,13,0.5053996838076762
SynthID,dia100,1,12,14,0.5050919641679602
SynthID,dia100,1,13,11,0.5127039414395735
SynthID,dia100,1,13,12,0.5171151988328305
SynthID,dia100,1,13,13,0.511802532995869
SynthID,dia100,1,13,14,0.5149785803006361
SynthID,dia100,1,14,11,0.5109582162873699
SynthID,dia100,1,14,12,0.5112732850936118
SynthID,dia100,1,14,13,0.5039880039955994
SynthID,dia100,1,14,14,0.5065090365538796
SynthID,dia100,1,15,11,0.5028172188415596
SynthID,dia100,1,15,12,0.5029849281091092
SynthID,dia100,1,15,13,0.50960935197901
SynthID,dia100,1,15,14,0.5105759827268687
SynthID,dia100,1,16,11,0.5226534481759642
SynthID,dia100,1,16,12,0.5121783176047581
SynthID,dia100,1,16,13,0.5151799942622969
SynthID,dia100,1,16,14,0.5226640268382555
SynthID,dia100,1,17,11,0.5109476817630358
SynthID,dia100,1,17,12,0.5202060185614562
SynthID,dia100,1,17,13,0.518141450584384
SynthID,dia100,1,17,14,0.511398516079695
SynthID,dia100,1,18,11,0.5102059708400833
SynthID,dia100,1,18,12,0.5046782776558216
SynthID,dia100,1,18,13,0.5059120185647207
SynthID,dia100,1,18,14,0.511467940076123
SynthID,dia100,1,19,11,0.5101264043425136
SynthID,dia100,1,19,12,0.514708376416266
SynthID,dia100,1,19,13,0.5007681819925308
SynthID,dia100,1,19,14,0.5142755454228809
SynthID,dia100,1,20,11,0.5054066723758194
SynthID,dia100,1,20,12,0.5108189057980868
SynthID,dia100,1,20,13,0.507353100901488
SynthID,dia100,1,20,14,0.5001673099341029
SynthID,dia100,1,21,11,0.5131573407435476
SynthID,dia100,1,21,12,0.5100312332607272
SynthID,dia100,1,21,13,0.5113210115569292
SynthID,dia100,1,21,14,0.5101773601142119
SynthID,dia100,1,22,11,0.5081534255828927
SynthID,dia100,1,22,12,0.5053478203528421
SynthID,dia100,1,22,13,0.5039132301361652
SynthID,dia100,1,22,14,0.5219189804845858
SynthID,dia100,1,23,11,0.5124653008665547
SynthID,dia100,1,23,12,0.5082612095967187
SynthID,dia100,1,23,13,0.513871444166185
SynthID,dia100,1,23,14,0.5111130873419942
SynthID,dia50,0,0,11,0.49758641634841616
SynthID,dia50,0,0,12,0.5020786448880823
SynthID,dia50,0,0,13,0.5044586777885356
SynthID,dia50,0,0,14,0.5000395789916113
SynthID,dia50,0,1,11,0.49689723902617455
SynthID,dia50,0,1,12,0.5037688281702737
SynthID,dia50,0,1,13,0.4985890801982756
SynthID,dia50,0,1,14,0.5008839059607467
SynthID,dia50,0,2,11,0.4985170958225201
SynthID,dia50,0,2,12,0.5048659661021404
SynthID,dia50,0,2,13,0.4957244685789135
SynthID,dia50,0,2,14,0.49600741361294276
SynthID,dia50,0,3,11,0.5053708690931176
SynthID,dia50,0,3,12,0.4937007855650097
SynthID,dia50,0,3,13,0.5016591321564098
SynthID,dia50,0,3,14,0.504912578008122
SynthID,dia50,0,4,11,0.5003938237990434
SynthID,dia50,0,4,12,0.5036152402781991
SynthID,dia50,0,4,13,0.5027643834380001
SynthID,dia50,0,4,14,0.5043264943783711
SynthID,dia50,0,5,11,0.5096633865857543
SynthID,dia50,0,5,12,0.5008380478937509
SynthID,dia50,0,5,13,0.49785428602313264
SynthID,dia50,0,5,14,0.5039157646390615
SynthID,dia50,0,6,11,0.506584517372899
SynthID,dia50,0,6,12,0.49765011785861824
SynthID,dia50,0,6,13,0.49730942292518643
SynthID,dia50,0,6,14,0.4999362716040152
SynthID,dia50,0,7,11,0.49768138683669594
SynthID,dia50,0,7,12,0.49957860916610514
SynthID,dia50,0,7,13,0.5021080233558404
SynthID,dia50,0,7,14,0.5001268846096433
SynthID,dia50,0,8,11,0.500705641384306
SynthID,dia50,0,8,12,0.49912086036189823
SynthID,dia50,0,8,13,0.4986752957831934
SynthID,dia50,0,8,14,0.4971707471925717
SynthID,dia50,0,9,11,0.5035504314143519
SynthID,dia50,0,9,12,0.5015630961235624
SynthID,dia50,0,9,13,0.4991295604507875
SynthID,dia50,0,9,14,0.503048743008175
SynthID,dia50,0,10,11,0.4950998572416737
SynthID,dia50,0,10,12,0.5059141119286442
SynthID,dia50,0,10,13,0.5019393004630418
SynthID,dia50,0,10,14,0.49776846100095523
SynthID,dia50,0,11,11,0.49835311852270586
SynthID,dia50,0,11,12,0.5043246705093202
SynthID,dia50,0,11,13,0.5030157834729353
SynthID,dia50,0,11,14,0.502445629922944
SynthID,dia50,0,12,11,0.49693305805941534
SynthID,dia50,0,12,12,0.5023757036437793
SynthID,dia50,0,12,13,0.49820990311206925
SynthID,dia50,0,12,14,0.49617196326934004
SynthID,dia50,0,13,11,0.4997097410890514
SynthID,dia50,0,13,12,0.4986810933135321
SynthID,dia50,0,13,13,0.49687930572123434
SynthID,dia50,0,13,14,0.49899605696900423
SynthID,dia50,0,14,11,0.5007444272219866
SynthID,dia50,0,14,12,0.5013900195989748
SynthID,dia50,0,14,13,0.5052202572917036
SynthID,dia50,0,14,14,0.49688442707544667
SynthID,dia50,0,15,11,0.5070146440481369
SynthID,dia50,0,15,12,0.501837093232618
SynthID,dia50,0,15,13,0.4986691207395171
SynthID,dia50,0,15,14,0.5001197562607869
SynthID,dia50,0,16,11,0.5012279044958312
SynthID,dia50,0,16,12,0.497926912273638
SynthID,dia50,0,16,13,0.5010108665281079
SynthID,dia50,0,16,14,0.49877673284569835
SynthID,dia50,0,17,11,0.5013520639849999
SynthID,dia50,0,17,12,0.5030635681827704
SynthID,dia50,0,17,13,0.4970009932027686
SynthID,dia50,0,17,14,0.5029639780001126
SynthID,dia50,0,18,11,0.5019884322753396
SynthID,dia50,0,18,12,0.5025669653917174
SynthID,dia50,0,18,13,0.49814151365875503
SynthID,dia50,0,18,14,0.5054568795324065
SynthID,dia50,0,19,11,0.49870979595117526
SynthID,dia50,0,19,12,0.504657002147181
SynthID,dia50,0,19,13,0.5079030619023509
SynthID,dia50,0,19,14,0.49936632834110267
SynthID,dia50,0,20,11,0.49496424872121303
SynthID,dia50,0,20,12,0.5042105841018885
SynthID,dia50,0,20,13,0.5049384728323977
SynthID,dia50,0,20,14,0.4987528575147735
SynthID,dia50,0,21,11,0.49959774129500467
SynthID,dia50,0,21,12,0.49700328025249496
SynthID,dia50,0,21,13,0.5009703279615997
SynthID,dia50,0,21,14,0.5033406812575447
SynthID,dia50,0,22,11,0.4988763210968424
SynthID,dia50,0,22,12,0.5041695004254592
SynthID,dia50,0,22,13,0.4991588561971898
SynthID,dia50,0,22,14,0.5042927558314287
SynthID,dia50,0,23,11,0.4962600807570884
SynthID,dia50,0,23,12,0.504200484630247
SynthID,dia50,0,23,13,0.502828754707293
SynthID,dia50,0,23,14,0.5020894804628396
SynthID,dia50,1,0,11,0.5178095112748969
SynthID,dia50,1,0,12,0.5130577639368101
SynthID,dia50,1,0,13,0.5154070259242673
SynthID,dia50,1,0,14,0.5115371009264286
SynthID,dia50,1,1,11,0.5200459306169317
SynthID,dia50,1,1,12,0.5158378898565885
SynthID,dia50,1,1,13,0.5161383705338123
SynthID,dia50,1,1,14,0.5224063928922362
SynthID,dia50,1,2,11,0.5267242481559373
SynthID,dia50,1,2,12,0.5385184962977406
SynthID,dia50,1,2,13,0.5275475341651812
SynthID,dia50,1,2,14,0.5312998697637845
SynthID,dia50,1,3,11,0.5225924448244197
SynthID,dia50,1,3,12,0.5153621536339269
SynthID,dia50,1,3,13,0.513801458564591
SynthID,dia50,1,3,14,0.5086412089484811
SynthID,dia50,1,4,11,0.5148586290796208
SynthID,dia50,1,4,12,0.5224513866368801
SynthID,dia50,1,4,13,0.5150057420648713
SynthID,dia50,1,4,14,0.5132281153170131
SynthID,dia50,1,5,11,0.5163200768761624
SynthID,dia50,1,5,12,0.520765184378154
SynthID,dia50,1,5,13,0.5169143520890984
SynthID,dia50,1,5,14,0.5229303246736623
SynthID,dia50,1,6,11,0.5170155132224098
SynthID,dia50,1,6,12,0.5177591973819891
SynthID,dia50,1,6,13,0.5295027052535395
SynthID,dia50,1,6,14,0.5262648559331532
SynthID,dia50,1,7,11,0.5311677208513914
SynthID,dia50,1,7,12,0.5226536238999886
SynthID,dia50,1,7,13,0.52491708691109
SynthID,dia50,1,7,14,0.5265818195003444
SynthID,dia50,1,8,11,0.5088331507545117
SynthID,dia50,1,8,12,0.5105702004369715
SynthID,dia50,1,8,13,0.5163725009533148
SynthID,dia50,1,8,14,0.5112046367505144
SynthID,dia50,1,9,11,0.511663911657063
SynthID,dia50,1,9,12,0.5193716671327162
SynthID,dia50,1,9,13,0.5177966140534198
SynthID,dia50,1,9,14,0.5156986258157371
SynthID,dia50,1,10,11,0.5310189199404166
SynthID,dia50,1,10,12,0.5271588784307835
SynthID,dia50,1,10,13,0.5252588806846039
SynthID,dia50,1,10,14,0.532868777658563
SynthID,dia50,1,11,11,0.5162702402780477
SynthID,dia50,1,11,12,0.5128888100260904
SynthID,dia50,1,11,13,0.5137619183928991
SynthID,dia50,1,11,14,0.5203293146200545
SynthID,dia50,1,12,11,0.5170439528805898
SynthID,dia50,1,12,12,0.5153015624490329
SynthID,dia50,1,12,13,0.5155016461618438
SynthID,dia50,1,12,14,0.5164246345264154
SynthID,dia50,1,13,11,0.5225928573170572
SynthID,dia50,1,13,12,0.5278008555059684
SynthID,dia50,1,13,13,0.5258844969843925
SynthID,dia50,1,13,14,0.5205297702369921
SynthID,dia50,1,14,11,0.5187934373212201
SynthID,dia50,1,14,12,0.51332666029956
SynthID,dia50,1,14,13,0.5117354704545741
SynthID,dia50,1,14,14,0.5099640998582617
SynthID,dia50,1,15,11,0.508735467627675
SynthID,dia50,1,15,12,0.513479407706131
SynthID,dia50,1,15,13,0.5108358840761795
SynthID,dia50,1,15,14,0.5069742928416436
SynthID,dia50,1,16,11,0.5306197312974271
SynthID,dia50,1,16,12,0.5310879342109011
SynthID,dia50,1,16,13,0.5292958757277957
SynthID,dia50,1,16,14,0.540425419474171
SynthID,dia50,1,17,11,0.5195670894695114
SynthID,dia50,1,17,12,0.5269327564130867
SynthID,dia50,1,17,13,0.5218390804597701
SynthID,dia50,1,17,14,0.5188944500971414
SynthID,dia50,1,18,11,0.5185184973895715
SynthID,dia50,1,18,12,0.5204162500046816
SynthID,dia50,1,18,13,0.5067848520880627
SynthID,dia50,1,18,14,0.5126637324129487
SynthID,dia50,1,19,11,0.5177050994096184
SynthID,dia50,1,19,12,0.5225586011649727
SynthID,dia50,1,19,13,0.5093803835183145
SynthID,dia50,1,19,14,0.5287052199815967
SynthID,dia50,1,20,11,0.5184192563502908
SynthID,dia50,1,20,12,0.512049680626181
SynthID,dia50,1,20,13,0.5091284931313371
SynthID,dia50,1,20,14,0.5085708018143607
SynthID,dia50,1,21,11,0.5197594356855801
SynthID,dia50,1,21,12,0.5217189706844879
SynthID,dia50,1,21,13,0.5211272447588304
SynthID,dia50,1,21,14,0.5221672526043963
SynthID,dia50,1,22,11,0.5184590537112045
SynthID,dia50,1,22,12,0.5232847221587544
SynthID,dia50,1,22,13,0.5169604316753514
SynthID,dia50,1,22,14,0.5312009634627987
SynthID,dia50,1,23,11,0.5222980360113377
SynthID,dia50,1,23,12,0.521460071197067
SynthID,dia50,1,23,13,0.5198970523507612
SynthID,dia50,1,23,14,0.5225264981921961
SynthID,morph,0,0,11,0.4982022903205169
SynthID,morph,0,0,12,0.501507938598637
SynthID,morph,0,0,13,0.5003696862393431
SynthID,morph,0,0,14,0.4971182152347915
SynthID,morph,0,1,11,0.49891980146290493
SynthID,morph,0,1,12,0.5032087860006832
SynthID,morph,0,1,13,0.5005278127444519
SynthID,morph,0,1,14,0.49862543351860045
SynthID,morph,0,2,11,0.49942737722048075
SynthID,morph,0,2,12,0.5041139058244678
SynthID,morph,0,2,13,0.4933587888215837
SynthID,morph,0,2,14,0.4989762931034483
SynthID,morph,0,3,11,0.5023795695966653
SynthID,morph,0,3,12,0.49976834172445456
SynthID,morph,0,3,13,0.5046204170641952
SynthID,morph,0,3,14,0.5017714829346327
SynthID,morph,0,4,11,0.5014477008729883
SynthID,morph,0,4,12,0.5010378160545013
SynthID,morph,0,4,13,0.5030576572732197
SynthID,morph,0,4,14,0.505914315569488
SynthID,morph,0,5,11,0.5053151815402269
SynthID,morph,0,5,12,0.5058352205809605
SynthID,morph,0,5,13,0.5075110212510744
SynthID,morph,0,5,14,0.5028693343809938
SynthID,morph,0,6,11,0.5056236559393797
SynthID,morph,0,6,12,0.4958254070323036
SynthID,morph,0,6,13,0.4985443768454702
SynthID,morph,0,6,14,0.5027365817647065
SynthID,morph,0,7,11,0.503000864897216
SynthID,morph,0,7,12,0.5028291033678964
SynthID,morph,0,7,13,0.49902817016482404
SynthID,morph,0,7,14,0.498430815672195
SynthID,morph,0,8,11,0.4988721828760143
SynthID,morph,0,8,12,0.5012505018236485
SynthID,morph,0,8,13,0.5051349822140897
SynthID,morph,0,8,14,0.5045208918563151
SynthID,morph,0,9,11,0.49783136019695157
SynthID,morph,0,9,12,0.5043380552074564
SynthID,morph,0,9,13,0.5009051640942702
SynthID,morph,0,9,14,0.4978391988936304
SynthID,morph,0,10,11,0.49555503986343774
SynthID,morph,0,10,12,0.5077705685564547
SynthID,morph,0,10,13,0.5004220229561047
SynthID,morph,0,10,14,0.49778487940400507
SynthID,morph,0,11,11,0.5000313857765711
SynthID,morph,0,11,12,0.5035173367245309
SynthID,morph,0,11,13,0.5028265282457388
SynthID,morph,0,11,14,0.5036495220403266
SynthID,morph,0,12,11,0.49668160572120357
SynthID,morph,0,12,12,0.49681920675156116
SynthID,morph,0,12,13,0.49932093497480606
SynthID,morph,0,12,14,0.49817682353791665
SynthID,morph,0,13,11,0.5027464445209131
SynthID,morph,0,13,12,0.49991248030806934
SynthID,morph,0,13,13,0.49655840181039124
SynthID,morph,0,13,14,0.4994143669595903
SynthID,morph,0,14,11,0.5025281117921365
SynthID,morph,0,14,12,0.5034365744949982
SynthID,morph,0,14,13,0.5066782398274547
SynthID,morph,0,14,14,0.5047838868303199
SynthID,morph,0,15,11,0.5007150337697186
SynthID,morph,0,15,12,0.5021099158947994
SynthID,morph,0,15,13,0.5019765630942801
SynthID,morph,0,15,14,0.5009679370840896
SynthID,morph,0,16,11,0.4995806522576033
SynthID,morph,0,16,12,0.49345105321431826
SynthID,morph,0,16,13,0.49645101104603917
SynthID,morph,0,16,14,0.4971111141009025
SynthID,morph,0,17,11,0.503605351881214
SynthID,morph,0,17,12,0.5033044932079415
SynthID,morph,0,17,13,0.49897470519011594
SynthID,morph,0,17,14,0.49571114039467334
SynthID,morph,0,18,11,0.500866802718226
SynthID,morph,0,18,12,0.50237783370372
SynthID,morph,0,18,13,0.5045637718553688
SynthID,morph,0,18,14,0.5025327619759762
SynthID,morph,0,19,11,0.5011064756981273
SynthID,morph,0,19,12,0.5043342124418856
SynthID,morph,0,19,13,0.5063669828781391
SynthID,morph,0,19,14,0.49881728679197035
SynthID,morph,0,20,11,0.4983415052380569
SynthID,morph,0,20,12,0.5040858390716232
SynthID,morph,0,20,13,0.5025056386762631
SynthID,morph,0,20,14,0.5015545043556744
SynthID,morph,0,21,11,0.4997776296127121
SynthID,morph,0,21,12,0.5007202140556516
SynthID,morph,0,21,13,0.4985186856154598
SynthID,morph,0,21,14,0.5032374539318684
SynthID,morph,0,22,11,0.4990395354031718
SynthID,morph,0,22,12,0.4987811417257878
SynthID,morph,0,22,13,0.5043531256431335
SynthID,morph,0,22,14,0.4989123940939424
SynthID,morph,0,23,11,0.4988915157134505
SynthID,morph,0,23,12,0.4954135481193722
SynthID,morph,0,23,13,0.49898511304144366
SynthID,morph,0,23,14,0.5027886877675531
SynthID,morph,1,0,11,0.5377193072614214
SynthID,morph,1,0,12,0.5317298896119698
SynthID,morph,1,0,13,0.535549270819136
SynthID,morph,1,0,14,0.5296799117436327
SynthID,morph,1,1,11,0.5396647090279557
SynthID,morph,1,1,12,0.5356304149782863
SynthID,morph,1,1,13,0.5333737982355822
SynthID,morph,1,1,14,0.5365480001127008
SynthID,morph,1,2,11,0.5538009695294083
SynthID,morph,1,2,12,0.5677762726244712
SynthID,morph,1,2,13,0.5640567951318458
SynthID,morph,1,2,14,0.5537991958513405
SynthID,morph,1,3,11,0.5329175956504003
SynthID,morph,1,3,12,0.53316509125702
SynthID,morph,1,3,13,0.5319535964856162
SynthID,morph,1,3,14,0.5286202255196749
SynthID,morph,1,4,11,0.5442740987460815
SynthID,morph,1,4,12,0.5439155705864664
SynthID,morph,1,4,13,0.5328881235387178
SynthID,morph,1,4,14,0.5384461914120661
SynthID,morph,1,5,11,0.5299690797875917
SynthID,morph,1,5,12,0.5353774287405965
SynthID,morph,1,5,13,0.5334075718168343
SynthID,morph,1,5,14,0.5382661820233219
SynthID,morph,1,6,11,0.5419665665364319
SynthID,morph,1,6,12,0.5421748220860729
SynthID,morph,1,6,13,0.5486724701184387
SynthID,morph,1,6,14,0.5494007353807716
SynthID,morph,1,7,11,0.554016930928475
SynthID,morph,1,7,12,0.5493595653839061
SynthID,morph,1,7,13,0.5557853542225505
SynthID,morph,1,7,14,0.5550022458416746
SynthID,morph,1,8,11,0.5326700897685258
SynthID,morph,1,8,12,0.5350394932403928
SynthID,morph,1,8,13,0.5320381099312314
SynthID,morph,1,8,14,0.5259349462797739
SynthID,morph,1,9,11,0.5351635336139191
SynthID,morph,1,9,12,0.5322249743067112
SynthID,morph,1,9,13,0.5350154067025839
SynthID,morph,1,9,14,0.5341383100253924
SynthID,morph,1,10,11,0.560759140503583
SynthID,morph,1,10,12,0.5496128969651967
SynthID,morph,1,10,13,0.5487034540737198
SynthID,morph,1,10,14,0.5531324333265071
SynthID,morph,1,11,11,0.5383447914502273
SynthID,morph,1,11,12,0.5369486775267122
SynthID,morph,1,11,13,0.5354670744945268
SynthID,morph,1,11,14,0.5364312070292798
SynthID,morph,1,12,11,0.5346267214180714
SynthID,morph,1,12,12,0.5339378235212399
SynthID,morph,1,12,13,0.5399314685862106
SynthID,morph,1,12,14,0.5368654237474564
SynthID,morph,1,13,11,0.5453289526565389
SynthID,morph,1,13,12,0.5505806956103113
SynthID,morph,1,13,13,0.5469264017069659
SynthID,morph,1,13,14,0.5480867937132473
SynthID,morph,1,14,11,0.5336955631344766
SynthID,morph,1,14,12,0.5357675985754804
SynthID,morph,1,14,13,0.5404175974070667
SynthID,morph,1,14,14,0.5360208883719856
SynthID,morph,1,15,11,0.5302304325161916
SynthID,morph,1,15,12,0.5311318814909942
SynthID,morph,1,15,13,0.5318915430083726
SynthID,morph,1,15,14,0.5335890496310286
SynthID,morph,1,16,11,0.5608864767073722
SynthID,morph,1,16,12,0.557725461973007
SynthID,morph,1,16,13,0.554692229515092
SynthID,morph,1,16,14,0.5720427977770752
SynthID,morph,1,17,11,0.5433040242628131
SynthID,morph,1,17,12,0.5467452968047498
SynthID,morph,1,17,13,0.5389991367952388
SynthID,morph,1,17,14,0.5404489633727128
SynthID,morph,1,18,11,0.5359579964212198
SynthID,morph,1,18,12,0.5408265906247922
SynthID,morph,1,18,13,0.529989094874591
SynthID,morph,1,18,14,0.5308102627087782
SynthID,morph,1,19,11,0.5557470716134826
SynthID,morph,1,19,12,0.5530500187299147
SynthID,morph,1,19,13,0.543829869576996
SynthID,morph,1,19,14,0.5628263668869534
SynthID,morph,1,20,11,0.5368643329850226
SynthID,morph,1,20,12,0.5235227910699943
SynthID,morph,1,20,13,0.5300299104896806
SynthID,morph,1,20,14,0.534747990105133
SynthID,morph,1,21,11,0.5399707198451625
SynthID,morph,1,21,12,0.5473880456763116
SynthID,morph,1,21,13,0.5418527653570538
SynthID,morph,1,21,14,0.5481291269258988
SynthID,morph,1,22,11,0.5459160951481385
SynthID,morph,1,22,12,0.5434538078554305
SynthID,morph,1,22,13,0.5416807619734934
SynthID,morph,1,22,14,0.5514668888570174
SynthID,morph,1,23,11,0.5432158699567796
SynthID,morph,1,23,12,0.543551558317475
SynthID,morph,1,23,13,0.5657245385285522
SynthID,morph,1,23,14,0.5539244918555263
SynthID,morph+dia,0,0,11,0.49968015779208547
SynthID,morph+dia,0,0,12,0.5055546570592561
SynthID,morph+dia,0,0,13,0.4992411316049267
SynthID,morph+dia,0,0,14,0.5033797597515739
SynthID,morph+dia,0,1,11,0.5016697636373093
SynthID,morph+dia,0,1,12,0.501362518423202
SynthID,morph+dia,0,1,13,0.49859752489582154
SynthID,morph+dia,0,1,14,0.4952708396534871
SynthID,morph+dia,0,2,11,0.5002847200253084
SynthID,morph+dia,0,2,12,0.5059876729839972
SynthID,morph+dia,0,2,13,0.5012654106200001
SynthID,morph+dia,0,2,14,0.4983507078463883
SynthID,morph+dia,0,3,11,0.5020598468602009
SynthID,morph+dia,0,3,12,0.5002011112247332
SynthID,morph+dia,0,3,13,0.4993751153301473
SynthID,morph+dia,0,3,14,0.5038618405431644
SynthID,morph+dia,0,4,11,0.5067270688380865
SynthID,morph+dia,0,4,12,0.5038780649989458
SynthID,morph+dia,0,4,13,0.5040136946386946
SynthID,morph+dia,0,4,14,0.4982451688943091
SynthID,morph+dia,0,5,11,0.503471773012003
SynthID,morph+dia,0,5,12,0.4989322533601057
SynthID,morph+dia,0,5,13,0.4977491844293737
SynthID,morph+dia,0,5,14,0.5015704342413869
SynthID,morph+dia,0,6,11,0.5032798087026359
SynthID,morph+dia,0,6,12,0.5025340110174392
SynthID,morph+dia,0,6,13,0.5004927739806202
SynthID,morph+dia,0,6,14,0.5048022748453783
SynthID,morph+dia,0,7,11,0.5018616069451476
SynthID,morph+dia,0,7,12,0.4956765472581945
SynthID,morph+dia,0,7,13,0.4965998057754904
SynthID,morph+dia,0,7,14,0.4981493866784237
SynthID,morph+dia,0,8,11,0.50539435508899
SynthID,morph+dia,0,8,12,0.4979985138175321
SynthID,morph+dia,0,8,13,0.502236843616154
SynthID,morph+dia,0,8,14,0.5039040173232114
SynthID,morph+dia,0,9,11,0.5017983952994275
SynthID,morph+dia,0,9,12,0.5078238703721927
SynthID,morph+dia,0,9,13,0.5020954179316927
SynthID,morph+dia,0,9,14,0.5067838491732606
SynthID,morph+dia,0,10,11,0.49259906759906763
SynthID,morph+dia,0,10,12,0.5074563740856844
SynthID,morph+dia,0,10,13,0.500057267132969
SynthID,morph+dia,0,10,14,0.5003303543033678
SynthID,morph+dia,0,11,11,0.5003434687059243
SynthID,morph+dia,0,11,12,0.503909848423955
SynthID,morph+dia,0,11,13,0.5049199699215813
SynthID,morph+dia,0,11,14,0.4975166242045408
SynthID,morph+dia,0,12,11,0.49677381771578577
SynthID,morph+dia,0,12,12,0.5062963653308481
SynthID,morph+dia,0,12,13,0.5046272600221432
SynthID,morph+dia,0,12,14,0.49807830646792606
SynthID,morph+dia,0,13,11,0.49954045954045956
SynthID,morph+dia,0,13,12,0.49905499705737516
SynthID,morph+dia,0,13,13,0.49970856729477414
SynthID,morph+dia,0,13,14,0.5015479529544865
SynthID,morph+dia,0,14,11,0.5038688669746717
SynthID,morph+dia,0,14,12,0.5006924672220465
SynthID,morph+dia,0,14,13,0.5043023174982538
SynthID,morph+dia,0,14,14,0.4975126584617659
SynthID,morph+dia,0,15,11,0.5030017484507071
SynthID,morph+dia,0,15,12,0.5063208146372447
SynthID,morph+dia,0,15,13,0.4998206815530765
SynthID,morph+dia,0,15,14,0.5046777411820463
SynthID,morph+dia,0,16,11,0.4950398004234437
SynthID,morph+dia,0,16,12,0.49500200208505435
SynthID,morph+dia,0,16,13,0.505420315358724
SynthID,morph+dia,0,16,14,0.5023479984145859
SynthID,morph+dia,0,17,11,0.5014456726979413
SynthID,morph+dia,0,17,12,0.4992497107663641
SynthID,morph+dia,0,17,13,0.49689492686135955
SynthID,morph+dia,0,17,14,0.5026849018536945
SynthID,morph+dia,0,18,11,0.5045728120191872
SynthID,morph+dia,0,18,12,0.4981886358623363
SynthID,morph+dia,0,18,13,0.4948999118978835
SynthID,morph+dia,0,18,14,0.5001604221568294
SynthID,morph+dia,0,19,11,0.4993060759692596
SynthID,morph+dia,0,19,12,0.5020378398808333
SynthID,morph+dia,0,19,13,0.5049996458910314
SynthID,morph+dia,0,19,14,0.4971732888987455
SynthID,morph+dia,0,20,11,0.49312843830890707
SynthID,morph+dia,0,20,12,0.5050773239681673
SynthID,morph+dia,0,20,13,0.4978978663161088
SynthID,morph+dia,0,20,14,0.4990640129101668
SynthID,morph+dia,0,21,11,0.4997983854453716
SynthID,morph+dia,0,21,12,0.4975453104168918
SynthID,morph+dia,0,21,13,0.49712142352365596
SynthID,morph+dia,0,21,14,0.5032577729145719
SynthID,morph+dia,0,22,11,0.4972165947535406
SynthID,morph+dia,0,22,12,0.5031306589437169
SynthID,morph+dia,0,22,13,0.5013083906138392
SynthID,morph+dia,0,22,14,0.5010673384386327
SynthID,morph+dia,0,23,11,0.49752699407871825
SynthID,morph+dia,0,23,12,0.5031588162638739
SynthID,morph+dia,0,23,13,0.5008649934609597
SynthID,morph+dia,0,23,14,0.4941598732871238
SynthID,morph+dia,1,0,11,0.5097016503357537
SynthID,morph+dia,1,0,12,0.5005823454997509
SynthID,morph+dia,1,0,13,0.5080235025761645
SynthID,morph+dia,1,0,14,0.50093800879687
SynthID,morph+dia,1,1,11,0.5032929307233633
SynthID,morph+dia,1,1,12,0.5081117307133012
SynthID,morph+dia,1,1,13,0.5060597110438356
SynthID,morph+dia,1,1,14,0.5194235495643107
SynthID,morph+dia,1,2,11,0.5185964347006953
SynthID,morph+dia,1,2,12,0.5257444675132978
SynthID,morph+dia,1,2,13,0.5136401801389208
SynthID,morph+dia,1,2,14,0.5211511572189796
SynthID,morph+dia,1,3,11,0.5121826490916644
SynthID,morph+dia,1,3,12,0.5088213350363372
SynthID,morph+dia,1,3,13,0.5083726262338403
SynthID,morph+dia,1,3,14,0.5041320052291839
SynthID,morph+dia,1,4,11,0.5098184625462032
SynthID,morph+dia,1,4,12,0.5135551549344654
SynthID,morph+dia,1,4,13,0.507905016375278
SynthID,morph+dia,1,4,14,0.5082901772556946
SynthID,morph+dia,1,5,11,0.5124065808005088
SynthID,morph+dia,1,5,12,0.5093835349200156
SynthID,morph+dia,1,5,13,0.5066791822373353
SynthID,morph+dia,1,5,14,0.5109390738701084
SynthID,morph+dia,1,6,11,0.5080353573757878
SynthID,morph+dia,1,6,12,0.5069110147480054
SynthID,morph+dia,1,6,13,0.5189183723110308
SynthID,morph+dia,1,6,14,0.5165517963266757
SynthID,morph+dia,1,7,11,0.5178562198190846
SynthID,morph+dia,1,7,12,0.5157172515064053
SynthID,morph+dia,1,7,13,0.5130397260785191
SynthID,morph+dia,1,7,14,0.5171448713912199
SynthID,morph+dia,1,8,11,0.5074919319433426
SynthID,morph+dia,1,8,12,0.5081754060986036
SynthID,morph+dia,1,8,13,0.5116897921115647
SynthID,morph+dia,1,8,14,0.5053169749094514
SynthID,morph+dia,1,9,11,0.5114635573252733
SynthID,morph+dia,1,9,12,0.5094883813504503
SynthID,morph+dia,1,9,13,0.5093309078874435
SynthID,morph+dia,1,9,14,0.505905344445294
SynthID,morph+dia,1,10,11,0.5205920874402423
SynthID,morph+dia,1,10,12,0.5125754431595748
SynthID,morph+dia,1,10,13,0.5203143406165491
SynthID,morph+dia,1,10,14,0.5250213736107153
SynthID,morph+dia,1,11,11,0.5069661677288989
SynthID,morph+dia,1,11,12,0.5062511918582283
SynthID,morph+dia,1,11,13,0.5088661545558097
SynthID,morph+dia,1,11,14,0.5124177589437497
SynthID,morph+dia,1,12,11,0.5108032494016921
SynthID,morph+dia,1,12,12,0.5101874808971629
SynthID,morph+dia,1,12,13,0.5045970507767618
SynthID,morph+dia,1,12,14,0.5046642152905347
SynthID,morph+dia,1,13,11,0.5127039414395735
SynthID,morph+dia,1,13,12,0.5171151988328305
SynthID,morph+dia,1,13,13,0.5118156029793961
SynthID,morph+dia,1,13,14,0.5148205106578386
SynthID,morph+dia,1,14,11,0.5109582162873699
SynthID,morph+dia,1,14,12,0.5112732850936118
SynthID,morph+dia,1,14,13,0.5039880039955994
SynthID,morph+dia,1,14,14,0.5065090365538796
SynthID,morph+dia,1,15,11,0.5028172188415596
SynthID,morph+dia,1,15,12,0.5029849281091092
SynthID,morph+dia,1,15,13,0.50960935197901
SynthID,morph+dia,1,15,14,0.5105759827268687
SynthID,morph+dia,1,16,11,0.5226534481759642
SynthID,morph+dia,1,16,12,0.5121783176047581
SynthID,morph+dia,1,16,13,0.5151492116940255
SynthID,morph+dia,1,16,14,0.5226640268382555
SynthID,morph+dia,1,17,11,0.5109476817630358
SynthID,morph+dia,1,17,12,0.5202060185614562
SynthID,morph+dia,1,17,13,0.518141450584384
SynthID,morph+dia,1,17,14,0.511398516079695
SynthID,morph+dia,1,18,11,0.5102059708400833
SynthID,morph+dia,1,18,12,0.5053619916158674
SynthID,morph+dia,1,18,13,0.5056107417787226
SynthID,morph+dia,1,18,14,0.5113065982317366
SynthID,morph+dia,1,19,11,0.5100090337966225
SynthID,morph+dia,1,19,12,0.5146266742661727
SynthID,morph+dia,1,19,13,0.5007681819925308
SynthID,morph+dia,1,19,14,0.5142755454228809
SynthID,morph+dia,1,20,11,0.5054066723758194
SynthID,morph+dia,1,20,12,0.5108189057980868
SynthID,morph+dia,1,20,13,0.507353100901488
SynthID,morph+dia,1,20,14,0.5001673099341029
SynthID,morph+dia,1,21,11,0.5131573407435476
SynthID,morph+dia,1,21,12,0.5104271417106248
SynthID,morph+dia,1,21,13,0.5115305855634847
SynthID,morph+dia,1,21,14,0.5101773601142119
SynthID,morph+dia,1,22,11,0.5068856188331662
SynthID,morph+dia,1,22,12,0.5053478203528421
SynthID,morph+dia,1,22,13,0.5039132301361652
SynthID,morph+dia,1,22,14,0.52181534208769
SynthID,morph+dia,1,23,11,0.5065673785021245
SynthID,morph+dia,1,23,12,0.5062452021699672
SynthID,morph+dia,1,23,13,0.5143358165015488
SynthID,morph+dia,1,23,14,0.5111130873419942
SynthID,morph_v1,0,0,11,0.4974313426037563
SynthID,morph_v1,0,0,12,0.500932595555623
SynthID,morph_v1,0,0,13,0.5017141496096871
SynthID,morph_v1,0,0,14,0.4962560588778014
SynthID,morph_v1,0,1,11,0.4977604493207941
SynthID,morph_v1,0,1,12,0.5030310657544486
SynthID,morph_v1,0,1,13,0.5011025432900433
SynthID,morph_v1,0,1,14,0.49743599630353674
SynthID,morph_v1,0,2,11,0.49942737722048075
SynthID,morph_v1,0,2,12,0.5041139058244678
SynthID,morph_v1,0,2,13,0.4933587888215837
SynthID,morph_v1,0,2,14,0.4989762931034483
SynthID,morph_v1,0,3,11,0.5031423416996494
SynthID,morph_v1,0,3,12,0.5007404273323461
SynthID,morph_v1,0,3,13,0.5053269144648455
SynthID,morph_v1,0,3,14,0.502000909811552
SynthID,morph_v1,0,4,11,0.5029290185590539
SynthID,morph_v1,0,4,12,0.5020027864855451
SynthID,morph_v1,0,4,13,0.5012364341245356
SynthID,morph_v1,0,4,14,0.5060180456247872
SynthID,morph_v1,0,5,11,0.5038653517564277
SynthID,morph_v1,0,5,12,0.50534415915707
SynthID,morph_v1,0,5,13,0.5077957889981807
SynthID,morph_v1,0,5,14,0.5004676858520579
SynthID,morph_v1,0,6,11,0.5054168703804894
SynthID,morph_v1,0,6,12,0.4938904654728121
SynthID,morph_v1,0,6,13,0.4972236620892607
SynthID,morph_v1,0,6,14,0.5031809630576473
SynthID,morph_v1,0,7,11,0.5027688871168532
SynthID,morph_v1,0,7,12,0.5028291033678964
SynthID,morph_v1,0,7,13,0.4994501152879608
SynthID,morph_v1,0,7,14,0.498430815672195
SynthID,morph_v1,0,8,11,0.4992209918120028
SynthID,morph_v1,0,8,12,0.4992550181207918
SynthID,morph_v1,0,8,13,0.5044204895214337
SynthID,morph_v1,0,8,14,0.503011502427049
SynthID,morph_v1,0,9,11,0.49833763083577026
SynthID,morph_v1,0,9,12,0.504299476008512
SynthID,morph_v1,0,9,13,0.5005810624441608
SynthID,morph_v1,0,9,14,0.49642871786461107
SynthID,morph_v1,0,10,11,0.49555503986343774
SynthID,morph_v1,0,10,12,0.5079024171320197
SynthID,morph_v1,0,10,13,0.5004729388049356
SynthID,morph_v1,0,10,14,0.49778487940400507
SynthID,morph_v1,0,11,11,0.5021452887800736
SynthID,morph_v1,0,11,12,0.5033470197423537
SynthID,morph_v1,0,11,13,0.5020625474064998
SynthID,morph_v1,0,11,14,0.5040080800917606
SynthID,morph_v1,0,12,11,0.49669723462826915
SynthID,morph_v1,0,12,12,0.49661356190591577
SynthID,morph_v1,0,12,13,0.4987275080851088
SynthID,morph_v1,0,12,14,0.5005407192836263
SynthID,morph_v1,0,13,11,0.5031570611348519
SynthID,morph_v1,0,13,12,0.49997899500400156
SynthID,morph_v1,0,13,13,0.49655840181039124
SynthID,morph_v1,0,13,14,0.49971122072337654
SynthID,morph_v1,0,14,11,0.501807210031348
SynthID,morph_v1,0,14,12,0.5036777835174348
SynthID,morph_v1,0,14,13,0.5063637683298001
SynthID,morph_v1,0,14,14,0.5060087882095401
SynthID,morph_v1,0,15,11,0.5002861179711806
SynthID,morph_v1,0,15,12,0.5017018719713591
SynthID,morph_v1,0,15,13,0.5024516953955833
SynthID,morph_v1,0,15,14,0.49965686315270136
SynthID,morph_v1,0,16,11,0.4992001853578749
SynthID,morph_v1,0,16,12,0.49249929210236826
SynthID,morph_v1,0,16,13,0.4963535520255866
SynthID,morph_v1,0,16,14,0.4971111141009025
SynthID,morph_v1,0,17,11,0.502200034876129
SynthID,morph_v1,0,17,12,0.5014893802792306
SynthID,morph_v1,0,17,13,0.49979936152634935
SynthID,morph_v1,0,17,14,0.49650816232564937
SynthID,morph_v1,0,18,11,0.5017640493549531
SynthID,morph_v1,0,18,12,0.5030939612301824
SynthID,morph_v1,0,18,13,0.5030220445111244
SynthID,morph_v1,0,18,14,0.5023562312380331
SynthID,morph_v1,0,19,11,0.5008673464002618
SynthID,morph_v1,0,19,12,0.5043342124418856
SynthID,morph_v1,0,19,13,0.5052684979170285
SynthID,morph_v1,0,19,14,0.4985210277344698
SynthID,morph_v1,0,20,11,0.4978853538334189
SynthID,morph_v1,0,20,12,0.5035794741210327
SynthID,morph_v1,0,20,13,0.5017987864639292
SynthID,morph_v1,0,20,14,0.5018738936210791
SynthID,morph_v1,0,21,11,0.4986696351673008
SynthID,morph_v1,0,21,12,0.4996232204444283
SynthID,morph_v1,0,21,13,0.49839651602770046
SynthID,morph_v1,0,21,14,0.5039220847591471
SynthID,morph_v1,0,22,11,0.49938611858878496
SynthID,morph_v1,0,22,12,0.49847600675186887
SynthID,morph_v1,0,22,13,0.5034661497002695
SynthID,morph_v1,0,22,14,0.4996848931182098
SynthID,morph_v1,0,23,11,0.4982198402265143
SynthID,morph_v1,0,23,12,0.4954135481193722
SynthID,morph_v1,0,23,13,0.49898511304144366
SynthID,morph_v1,0,23,14,0.5027886877675531
SynthID,morph_v1,1,0,11,0.5368686101482699
SynthID,morph_v1,1,0,12,0.5302461410095953
SynthID,morph_v1,1,0,13,0.5340916963685032
SynthID,morph_v1,1,0,14,0.5287665142530067
SynthID,morph_v1,1,1,11,0.5352557722166138
SynthID,morph_v1,1,1,12,0.5360935264935934
SynthID,morph_v1,1,1,13,0.5333737982355822
SynthID,morph_v1,1,1,14,0.5351438104697518
SynthID,morph_v1,1,2,11,0.5538009695294083
SynthID,morph_v1,1,2,12,0.5677762726244712
SynthID,morph_v1,1,2,13,0.5640567951318458
SynthID,morph_v1,1,2,14,0.5543098278355796
SynthID,morph_v1,1,3,11,0.5319968383381197
SynthID,morph_v1,1,3,12,0.532551705725031
SynthID,morph_v1,1,3,13,0.5314058556614752
SynthID,morph_v1,1,3,14,0.5257408341009225
SynthID,morph_v1,1,4,11,0.5429852275288382
SynthID,morph_v1,1,4,12,0.5428886566817601
SynthID,morph_v1,1,4,13,0.5313372945641682
SynthID,morph_v1,1,4,14,0.5366898723011575
SynthID,morph_v1,1,5,11,0.5295073452578524
SynthID,morph_v1,1,5,12,0.5345887132720988
SynthID,morph_v1,1,5,13,0.5329430204683754
SynthID,morph_v1,1,5,14,0.535854653318502
SynthID,morph_v1,1,6,11,0.5400473526182823
SynthID,morph_v1,1,6,12,0.5411780884197764
SynthID,morph_v1,1,6,13,0.5475629644820751
SynthID,morph_v1,1,6,14,0.5491195259808112
SynthID,morph_v1,1,7,11,0.554016930928475
SynthID,morph_v1,1,7,12,0.5493595653839061
SynthID,morph_v1,1,7,13,0.5547486554616887
SynthID,morph_v1,1,7,14,0.5550022458416746
SynthID,morph_v1,1,8,11,0.5344776613910339
SynthID,morph_v1,1,8,12,0.5354226750261233
SynthID,morph_v1,1,8,13,0.5325914315569488
SynthID,morph_v1,1,8,14,0.523385741524739
SynthID,morph_v1,1,9,11,0.5346762516177809
SynthID,morph_v1,1,9,12,0.5319558440319636
SynthID,morph_v1,1,9,13,0.5342954401215455
SynthID,morph_v1,1,9,14,0.5336140094760784
SynthID,morph_v1,1,10,11,0.560759140503583
SynthID,morph_v1,1,10,12,0.5494331630220617
SynthID,morph_v1,1,10,13,0.5487034540737198
SynthID,morph_v1,1,10,14,0.5523311186030769
SynthID,morph_v1,1,11,11,0.5393438315398388
SynthID,morph_v1,1,11,12,0.5366715526916677
SynthID,morph_v1,1,11,13,0.5330767559514572
SynthID,morph_v1,1,11,14,0.5355227964046506
SynthID,morph_v1,1,12,11,0.5317903802919477
SynthID,morph_v1,1,12,12,0.5300073939638368
SynthID,morph_v1,1,12,13,0.536359580691182
SynthID,morph_v1,1,12,14,0.5354832866096262
SynthID,morph_v1,1,13,11,0.5446679745951518
SynthID,morph_v1,1,13,12,0.5490449040275468
SynthID,morph_v1,1,13,13,0.5472271817642439
SynthID,morph_v1,1,13,14,0.5475530065080539
SynthID,morph_v1,1,14,11,0.5332364469106442
SynthID,morph_v1,1,14,12,0.5358065175098317
SynthID,morph_v1,1,14,13,0.5398230043877063
SynthID,morph_v1,1,14,14,0.5361279790549741
SynthID,morph_v1,1,15,11,0.5296685475444096
SynthID,morph_v1,1,15,12,0.5291659840019807
SynthID,morph_v1,1,15,13,0.5308288826966988
SynthID,morph_v1,1,15,14,0.5314115498427359
SynthID,morph_v1,1,16,11,0.5608864767073722
SynthID,morph_v1,1,16,12,0.5573755559870909
SynthID,morph_v1,1,16,13,0.554692229515092
SynthID,morph_v1,1,16,14,0.5720427977770752
SynthID,morph_v1,1,17,11,0.5423610336493773
SynthID,morph_v1,1,17,12,0.5435122965390173
SynthID,morph_v1,1,17,13,0.5372937972146565
SynthID,morph_v1,1,17,14,0.5389463849819212
SynthID,morph_v1,1,18,11,0.5334699610116741
SynthID,morph_v1,1,18,12,0.537405197694408
SynthID,morph_v1,1,18,13,0.5269436022177684
SynthID,morph_v1,1,18,14,0.5283709869203329
SynthID,morph_v1,1,19,11,0.55516263472317
SynthID,morph_v1,1,19,12,0.5526228785650261
SynthID,morph_v1,1,19,13,0.5429078634052356
SynthID,morph_v1,1,19,14,0.5628263668869534
SynthID,morph_v1,1,20,11,0.5365660828708165
SynthID,morph_v1,1,20,12,0.5234523041901371
SynthID,morph_v1,1,20,13,0.5302443309312385
SynthID,morph_v1,1,20,14,0.5337031612893682
SynthID,morph_v1,1,21,11,0.538900631005046
SynthID,morph_v1,1,21,12,0.5457685310987473
SynthID,morph_v1,1,21,13,0.5398558187435634
SynthID,morph_v1,1,21,14,0.5404288240495138
SynthID,morph_v1,1,22,11,0.5458499066413143
SynthID,morph_v1,1,22,12,0.5425369181691021
SynthID,morph_v1,1,22,13,0.5409531246248921
SynthID,morph_v1,1,22,14,0.5514668888570174
SynthID,morph_v1,1,23,11,0.5427911900012213
SynthID,morph_v1,1,23,12,0.5418326419893817
SynthID,morph_v1,1,23,13,0.564869964007895
SynthID,morph_v1,1,23,14,0.5541353412521405
SynthID,morph_v1+dia,0,0,11,0.4988304136701702
SynthID,morph_v1+dia,0,0,12,0.5051252475218945
SynthID,morph_v1+dia,0,0,13,0.5000113160847309
SynthID,morph_v1+dia,0,0,14,0.5032107016817492
SynthID,morph_v1+dia,0,1,11,0.5021782084164529
SynthID,morph_v1+dia,0,1,12,0.5017800549879736
SynthID,morph_v1+dia,0,1,13,0.49822193348176835
SynthID,morph_v1+dia,0,1,14,0.49506156012902647
SynthID,morph_v1+dia,0,2,11,0.5002847200253084
SynthID,morph_v1+dia,0,2,12,0.5059876729839972
SynthID,morph_v1+dia,0,2,13,0.5012654106200001
SynthID,morph_v1+dia,0,2,14,0.4983507078463883
SynthID,morph_v1+dia,0,3,11,0.5028408441721666
SynthID,morph_v1+dia,0,3,12,0.5012277062376871
SynthID,morph_v1+dia,0,3,13,0.4997842969500977
SynthID,morph_v1+dia,0,3,14,0.5056434432537079
SynthID,morph_v1+dia,0,4,11,0.5074336879925465
SynthID,morph_v1+dia,0,4,12,0.5043456331763017
SynthID,morph_v1+dia,0,4,13,0.503513964553469
SynthID,morph_v1+dia,0,4,14,0.4976221624334575
SynthID,morph_v1+dia,0,5,11,0.5044435285677213
SynthID,morph_v1+dia,0,5,12,0.49761620901688786
SynthID,morph_v1+dia,0,5,13,0.49974387120380537
SynthID,morph_v1+dia,0,5,14,0.5004545134014142
SynthID,morph_v1+dia,0,6,11,0.5023622484832397
SynthID,morph_v1+dia,0,6,12,0.5017027805387771
SynthID,morph_v1+dia,0,6,13,0.5005622963919111
SynthID,morph_v1+dia,0,6,14,0.5054382672609273
SynthID,morph_v1+dia,0,7,11,0.5022827931322078
SynthID,morph_v1+dia,0,7,12,0.4956765472581945
SynthID,morph_v1+dia,0,7,13,0.49642870376546094
SynthID,morph_v1+dia,0,7,14,0.4981493866784237
SynthID,morph_v1+dia,0,8,11,0.506107506831974
SynthID,morph_v1+dia,0,8,12,0.49666900452459467
SynthID,morph_v1+dia,0,8,13,0.5021865958355073
SynthID,morph_v1+dia,0,8,14,0.5033312737936847
SynthID,morph_v1+dia,0,9,11,0.5011335823929527
SynthID,morph_v1+dia,0,9,12,0.5072630998086248
SynthID,morph_v1+dia,0,9,13,0.5023081434489367
SynthID,morph_v1+dia,0,9,14,0.5072458037975279
SynthID,morph_v1+dia,0,10,11,0.49259906759906763
SynthID,morph_v1+dia,0,10,12,0.5075835389848596
SynthID,morph_v1+dia,0,10,13,0.49995853444129307
SynthID,morph_v1+dia,0,10,14,0.5003303543033678
SynthID,morph_v1+dia,0,11,11,0.5025983503816016
SynthID,morph_v1+dia,0,11,12,0.5030288364589635
SynthID,morph_v1+dia,0,11,13,0.5048985823013703
SynthID,morph_v1+dia,0,11,14,0.4977337089031242
SynthID,morph_v1+dia,0,12,11,0.4978093133548193
SynthID,morph_v1+dia,0,12,12,0.5073693350608328
SynthID,morph_v1+dia,0,12,13,0.5040972336798107
SynthID,morph_v1+dia,0,12,14,0.4978469567108195
SynthID,morph_v1+dia,0,13,11,0.4995095263741778
SynthID,morph_v1+dia,0,13,12,0.5005803837531162
SynthID,morph_v1+dia,0,13,13,0.49970856729477414
SynthID,morph_v1+dia,0,13,14,0.50133713881642
SynthID,morph_v1+dia,0,14,11,0.5033656867286443
SynthID,morph_v1+dia,0,14,12,0.5000102023173221
SynthID,morph_v1+dia,0,14,13,0.5049189456613133
SynthID,morph_v1+dia,0,14,14,0.49858973621946506
SynthID,morph_v1+dia,0,15,11,0.5027420750512693
SynthID,morph_v1+dia,0,15,12,0.5072306776459091
SynthID,morph_v1+dia,0,15,13,0.49943693088520674
SynthID,morph_v1+dia,0,15,14,0.5061896412568534
SynthID,morph_v1+dia,0,16,11,0.4945759919735196
SynthID,morph_v1+dia,0,16,12,0.49425335732806996
SynthID,morph_v1+dia,0,16,13,0.5061986183534765
SynthID,morph_v1+dia,0,16,14,0.5023479984145859
SynthID,morph_v1+dia,0,17,11,0.5021722553956437
SynthID,morph_v1+dia,0,17,12,0.499139248445776
SynthID,morph_v1+dia,0,17,13,0.49785495702983384
SynthID,morph_v1+dia,0,17,14,0.5021293953242437
SynthID,morph_v1+dia,0,18,11,0.5039542649288674
SynthID,morph_v1+dia,0,18,12,0.49836219229441076
SynthID,morph_v1+dia,0,18,13,0.49555157486191975
SynthID,morph_v1+dia,0,18,14,0.5007666070332879
SynthID,morph_v1+dia,0,19,11,0.497434898370024
SynthID,morph_v1+dia,0,19,12,0.5020378398808333
SynthID,morph_v1+dia,0,19,13,0.5036595040869424
SynthID,morph_v1+dia,0,19,14,0.4964399174072861
SynthID,morph_v1+dia,0,20,11,0.4931305304977201
SynthID,morph_v1+dia,0,20,12,0.504148864493692
SynthID,morph_v1+dia,0,20,13,0.49741996770209934
SynthID,morph_v1+dia,0,20,14,0.49967933956330757
SynthID,morph_v1+dia,0,21,11,0.49947447447447446
SynthID,morph_v1+dia,0,21,12,0.49885284877592856
SynthID,morph_v1+dia,0,21,13,0.4971740822941526
SynthID,morph_v1+dia,0,21,14,0.5035651284817024
SynthID,morph_v1+dia,0,22,11,0.497679963517148
SynthID,morph_v1+dia,0,22,12,0.5032058430982822
SynthID,morph_v1+dia,0,22,13,0.5020565969334442
SynthID,morph_v1+dia,0,22,14,0.5017761742871019
SynthID,morph_v1+dia,0,23,11,0.4982619471442899
SynthID,morph_v1+dia,0,23,12,0.5031588162638739
SynthID,morph_v1+dia,0,23,13,0.5008649934609597
SynthID,morph_v1+dia,0,23,14,0.4941598732871238
SynthID,morph_v1+dia,1,0,11,0.5095412717225701
SynthID,morph_v1+dia,1,0,12,0.499986908595816
SynthID,morph_v1+dia,1,0,13,0.5078565098748032
SynthID,morph_v1+dia,1,0,14,0.5009904881883612
SynthID,morph_v1+dia,1,1,11,0.5023237607202591
SynthID,morph_v1+dia,1,1,12,0.5083952861696845
SynthID,morph_v1+dia,1,1,13,0.5060597110438356
SynthID,morph_v1+dia,1,1,14,0.5192550835605664
SynthID,morph_v1+dia,1,2,11,0.5185964347006953
SynthID,morph_v1+dia,1,2,12,0.5257444675132978
SynthID,morph_v1+dia,1,2,13,0.5136401801389208
SynthID,morph_v1+dia,1,2,14,0.5213310791498442
SynthID,morph_v1+dia,1,3,11,0.512490879090426
SynthID,morph_v1+dia,1,3,12,0.5088642502740763
SynthID,morph_v1+dia,1,3,13,0.5086792166799313
SynthID,morph_v1+dia,1,3,14,0.505345526860667
SynthID,morph_v1+dia,1,4,11,0.5084584707986489
SynthID,morph_v1+dia,1,4,12,0.512256552032605
SynthID,morph_v1+dia,1,4,13,0.5074110070105872
SynthID,morph_v1+dia,1,4,14,0.5071296125555761
SynthID,morph_v1+dia,1,5,11,0.5123971372587804
SynthID,morph_v1+dia,1,5,12,0.5089866420587423
SynthID,morph_v1+dia,1,5,13,0.5061622494537855
SynthID,morph_v1+dia,1,5,14,0.510295682378819
SynthID,morph_v1+dia,1,6,11,0.5086877623119705
SynthID,morph_v1+dia,1,6,12,0.5077216699664522
SynthID,morph_v1+dia,1,6,13,0.5193462494990365
SynthID,morph_v1+dia,1,6,14,0.517061858342132
SynthID,morph_v1+dia,1,7,11,0.5178562198190846
SynthID,morph_v1+dia,1,7,12,0.5157172515064053
SynthID,morph_v1+dia,1,7,13,0.512059264246258
SynthID,morph_v1+dia,1,7,14,0.5171448713912199
SynthID,morph_v1+dia,1,8,11,0.5076937296373033
SynthID,morph_v1+dia,1,8,12,0.5076939244663382
SynthID,morph_v1+dia,1,8,13,0.510680689778833
SynthID,morph_v1+dia,1,8,14,0.5043162791608241
SynthID,morph_v1+dia,1,9,11,0.5121679873149108
SynthID,morph_v1+dia,1,9,12,0.5109780042800097
SynthID,morph_v1+dia,1,9,13,0.5081528026571129
SynthID,morph_v1+dia,1,9,14,0.5051814535281014
SynthID,morph_v1+dia,1,10,11,0.5205920874402423
SynthID,morph_v1+dia,1,10,12,0.5132293759879967
SynthID,morph_v1+dia,1,10,13,0.5203143406165491
SynthID,morph_v1+dia,1,10,14,0.5247022457053805
SynthID,morph_v1+dia,1,11,11,0.5052525720056384
SynthID,morph_v1+dia,1,11,12,0.5067438823520228
SynthID,morph_v1+dia,1,11,13,0.5083592180663508
SynthID,morph_v1+dia,1,11,14,0.5116687081647551
SynthID,morph_v1+dia,1,12,11,0.5107912561576355
SynthID,morph_v1+dia,1,12,12,0.5112526753285153
SynthID,morph_v1+dia,1,12,13,0.5055639084608926
SynthID,morph_v1+dia,1,12,14,0.5053520338382307
SynthID,morph_v1+dia,1,13,11,0.5128589471038936
SynthID,morph_v1+dia,1,13,12,0.5150143098746743
SynthID,morph_v1+dia,1,13,13,0.5119116391355973
SynthID,morph_v1+dia,1,13,14,0.5146396580358844
SynthID,morph_v1+dia,1,14,11,0.5107301746115036
SynthID,morph_v1+dia,1,14,12,0.5109619475487389
SynthID,morph_v1+dia,1,14,13,0.5035426792707974
SynthID,morph_v1+dia,1,14,14,0.5063088365319602
SynthID,morph_v1+dia,1,15,11,0.503358710255262
SynthID,morph_v1+dia,1,15,12,0.5009014603724098
SynthID,morph_v1+dia,1,15,13,0.5100083352327094
SynthID,morph_v1+dia,1,15,14,0.5084655789133172
SynthID,morph_v1+dia,1,16,11,0.5226534481759642
SynthID,morph_v1+dia,1,16,12,0.5117517110078944
SynthID,morph_v1+dia,1,16,13,0.5151492116940255
SynthID,morph_v1+dia,1,16,14,0.5226640268382555
SynthID,morph_v1+dia,1,17,11,0.5106225625388995
SynthID,morph_v1+dia,1,17,12,0.5175990675990676
SynthID,morph_v1+dia,1,17,13,0.5186462677291731
SynthID,morph_v1+dia,1,17,14,0.5098679853415162
SynthID,morph_v1+dia,1,18,11,0.509617498539207
SynthID,morph_v1+dia,1,18,12,0.5048813805023556
SynthID,morph_v1+dia,1,18,13,0.5051525569890276
SynthID,morph_v1+dia,1,18,14,0.509090909090909
SynthID,morph_v1+dia,1,19,11,0.5099560339898661
SynthID,morph_v1+dia,1,19,12,0.5149306545074571
SynthID,morph_v1+dia,1,19,13,0.5007120499136236
SynthID,morph_v1+dia,1,19,14,0.5142755454228809
SynthID,morph_v1+dia,1,20,11,0.5051456982752041
SynthID,morph_v1+dia,1,20,12,0.5103123732251522
SynthID,morph_v1+dia,1,20,13,0.5078389952614711
SynthID,morph_v1+dia,1,20,14,0.499955252033472
SynthID,morph_v1+dia,1,21,11,0.5115241998814972
SynthID,morph_v1+dia,1,21,12,0.5102265247032071
SynthID,morph_v1+dia,1,21,13,0.5108969791963522
SynthID,morph_v1+dia,1,21,14,0.50895704545162
SynthID,morph_v1+dia,1,22,11,0.5065302467323511
SynthID,morph_v1+dia,1,22,12,0.5048946496212121
SynthID,morph_v1+dia,1,22,13,0.5049118805045529
SynthID,morph_v1+dia,1,22,14,0.52181534208769
SynthID,morph_v1+dia,1,23,11,0.5066354496481539
SynthID,morph_v1+dia,1,23,12,0.5053234914114819
SynthID,morph_v1+dia,1,23,13,0.5127837834038546
SynthID,morph_v1+dia,1,23,14,0.5113840305982019
SynthID,rtt,0,0,11,0.5021226813424012
SynthID,rtt,0,0,12,0.5000265570221972
SynthID,rtt,0,0,13,0.5010788923719959
SynthID,rtt,0,0,14,0.4951317021536457
SynthID,rtt,0,1,11,0.5031734035718491
SynthID,rtt,0,1,12,0.502586905380562
SynthID,rtt,0,1,13,0.4979707003124399
SynthID,rtt,0,1,14,0.5025952829682385
SynthID,rtt,0,2,11,0.4992558731660878
SynthID,rtt,0,2,12,0.49630468528216176
SynthID,rtt,0,2,13,0.49321604984286777
SynthID,rtt,0,2,14,0.49754258469965307
SynthID,rtt,0,3,11,0.5039713230653355
SynthID,rtt,0,3,12,0.4995107398725262
SynthID,rtt,0,3,13,0.5038329357906804
SynthID,rtt,0,3,14,0.5094117068383666
SynthID,rtt,0,4,11,0.49979771692198494
SynthID,rtt,0,4,12,0.5028730218028057
SynthID,rtt,0,4,13,0.497041886762121
SynthID,rtt,0,4,14,0.504154079984801
SynthID,rtt,0,5,11,0.5030176179671235
SynthID,rtt,0,5,12,0.49776282452088383
SynthID,rtt,0,5,13,0.501136467026741
SynthID,rtt,0,5,14,0.49941045190087335
SynthID,rtt,0,6,11,0.5027799691364432
SynthID,rtt,0,6,12,0.501824871457797
SynthID,rtt,0,6,13,0.5008926763058377
SynthID,rtt,0,6,14,0.4971831558575152
SynthID,rtt,0,7,11,0.5007482263652863
SynthID,rtt,0,7,12,0.4953706173992308
SynthID,rtt,0,7,13,0.49506208840611404
SynthID,rtt,0,7,14,0.4939346113099043
SynthID,rtt,0,8,11,0.4994245907349356
SynthID,rtt,0,8,12,0.5059749274191915
SynthID,rtt,0,8,13,0.5080654559981248
SynthID,rtt,0,8,14,0.5060871964917879
SynthID,rtt,0,9,11,0.5022023846595666
SynthID,rtt,0,9,12,0.49675544431787
SynthID,rtt,0,9,13,0.5023855775996484
SynthID,rtt,0,9,14,0.4998042977796221
SynthID,rtt,0,10,11,0.5032962597157212
SynthID,rtt,0,10,12,0.49818491427686834
SynthID,rtt,0,10,13,0.49937519394572694
SynthID,rtt,0,10,14,0.5073423894113549
SynthID,rtt,0,11,11,0.4997930175634474
SynthID,rtt,0,11,12,0.5039786281816209
SynthID,rtt,0,11,13,0.5027336954441245
SynthID,rtt,0,11,14,0.4999431754599372
SynthID,rtt,0,12,11,0.49750274276554823
SynthID,rtt,0,12,12,0.4972950478568456
SynthID,rtt,0,12,13,0.4983703134505171
SynthID,rtt,0,12,14,0.5027651753972138
SynthID,rtt,0,13,11,0.5006600016944845
SynthID,rtt,0,13,12,0.5056114135664402
SynthID,rtt,0,13,13,0.5001341820859639
SynthID,rtt,0,13,14,0.5004771064880782
SynthID,rtt,0,14,11,0.49616886555490425
SynthID,rtt,0,14,12,0.5029571200615642
SynthID,rtt,0,14,13,0.49989798000408076
SynthID,rtt,0,14,14,0.5013853690825549
SynthID,rtt,0,15,11,0.5065774923659088
SynthID,rtt,0,15,12,0.49724887729625816
SynthID,rtt,0,15,13,0.4993066484692101
SynthID,rtt,0,15,14,0.5059704193052955
SynthID,rtt,0,16,11,0.49588466141834275
SynthID,rtt,0,16,12,0.49537063001452303
SynthID,rtt,0,16,13,0.5032451373724036
SynthID,rtt,0,16,14,0.5088894107876473
SynthID,rtt,0,17,11,0.4993368243564168
SynthID,rtt,0,17,12,0.49949320794148383
SynthID,rtt,0,17,13,0.4975164710970524
SynthID,rtt,0,17,14,0.5027737936760138
SynthID,rtt,0,18,11,0.5021418468910632
SynthID,rtt,0,18,12,0.5022975916204001
SynthID,rtt,0,18,13,0.501297659838157
SynthID,rtt,0,18,14,0.5020452633993424
SynthID,rtt,0,19,11,0.49124023135679273
SynthID,rtt,0,19,12,0.5003373237115427
SynthID,rtt,0,19,13,0.5027597833006526
SynthID,rtt,0,19,14,0.5004543610547667
SynthID,rtt,0,20,11,0.5046562433069179
SynthID,rtt,0,20,12,0.49828930999003135
SynthID,rtt,0,20,13,0.499220635123272
SynthID,rtt,0,20,14,0.5052077155525432
SynthID,rtt,0,21,11,0.5021282224250361
SynthID,rtt,0,21,12,0.5007838909075562
SynthID,rtt,0,21,13,0.4980545210430268
SynthID,rtt,0,21,14,0.5017777909038874
SynthID,rtt,0,22,11,0.5018121179636277
SynthID,rtt,0,22,12,0.4954312221766834
SynthID,rtt,0,22,13,0.5017538119730955
SynthID,rtt,0,22,14,0.49954030643685815
SynthID,rtt,0,23,11,0.4985273849016734
SynthID,rtt,0,23,12,0.49292957610871824
SynthID,rtt,0,23,13,0.4954595554028714
SynthID,rtt,0,23,14,0.5083368555762977
SynthID,rtt,1,0,11,0.5044274067940301
SynthID,rtt,1,0,12,0.505658709106985
SynthID,rtt,1,0,13,0.516649846534904
SynthID,rtt,1,0,14,0.5042990719815098
SynthID,rtt,1,1,11,0.5001326937845425
SynthID,rtt,1,1,12,0.501567974633373
SynthID,rtt,1,1,13,0.49908907749495657
SynthID,rtt,1,1,14,0.510442004889233
SynthID,rtt,1,2,11,0.5011973676717352
SynthID,rtt,1,2,12,0.5111213102640041
SynthID,rtt,1,2,13,0.5085417570934813
SynthID,rtt,1,2,14,0.5048718747188717
SynthID,rtt,1,3,11,0.4991553724082119
SynthID,rtt,1,3,12,0.5055654197460139
SynthID,rtt,1,3,13,0.5111665411999116
SynthID,rtt,1,3,14,0.5055427124392641
SynthID,rtt,1,4,11,0.5025332542573921
SynthID,rtt,1,4,12,0.5034950864031987
SynthID,rtt,1,4,13,0.5096547997356853
SynthID,rtt,1,4,14,0.5108442648197564
SynthID,rtt,1,5,11,0.5081415807490972
SynthID,rtt,1,5,12,0.5041270122320098
SynthID,rtt,1,5,13,0.5092026471612678
SynthID,rtt,1,5,14,0.5083641514521069
SynthID,rtt,1,6,11,0.5055844207496755
SynthID,rtt,1,6,12,0.5075679551528584
SynthID,rtt,1,6,13,0.5098445716413048
SynthID,rtt,1,6,14,0.5094682700666474
SynthID,rtt,1,7,11,0.5008067813600531
SynthID,rtt,1,7,12,0.5008356889234632
SynthID,rtt,1,7,13,0.5097722889622913
SynthID,rtt,1,7,14,0.5058868910562534
SynthID,rtt,1,8,11,0.5091378619861074
SynthID,rtt,1,8,12,0.5052656327338723
SynthID,rtt,1,8,13,0.5082794859533609
SynthID,rtt,1,8,14,0.49973088464870613
SynthID,rtt,1,9,11,0.5145991759027821
SynthID,rtt,1,9,12,0.5026704351173695
SynthID,rtt,1,9,13,0.5057662946176015
SynthID,rtt,1,9,14,0.5068631669275984
SynthID,rtt,1,10,11,0.5089511188461713
SynthID,rtt,1,10,12,0.501829511250222
SynthID,rtt,1,10,13,0.5003422366102063
SynthID,rtt,1,10,14,0.5015356962033108
SynthID,rtt,1,11,11,0.5071548273890499
SynthID,rtt,1,11,12,0.5107317012489426
SynthID,rtt,1,11,13,0.5060371920895564
SynthID,rtt,1,11,14,0.5052607059993155
SynthID,rtt,1,12,11,0.5007878760488693
SynthID,rtt,1,12,12,0.5037176826309795
SynthID,rtt,1,12,13,0.5086573208357895
SynthID,rtt,1,12,14,0.5099490087914603
SynthID,rtt,1,13,11,0.5055279289582333
SynthID,rtt,1,13,12,0.5024942207453441
SynthID,rtt,1,13,13,0.510312025177396
SynthID,rtt,1,13,14,0.5105856508880786
SynthID,rtt,1,14,11,0.5041209048501475
SynthID,rtt,1,14,12,0.5127147789741493
SynthID,rtt,1,14,13,0.5066381685190463
SynthID,rtt,1,14,14,0.5085816188489571
SynthID,rtt,1,15,11,0.5090374354344347
SynthID,rtt,1,15,12,0.5071306628940883
SynthID,rtt,1,15,13,0.5057176344364867
SynthID,rtt,1,15,14,0.5087509980265437
SynthID,rtt,1,16,11,0.5097403966907289
SynthID,rtt,1,16,12,0.5110623980938824
SynthID,rtt,1,16,13,0.5035292764518315
SynthID,rtt,1,16,14,0.503316148086738
SynthID,rtt,1,17,11,0.5018094269818408
SynthID,rtt,1,17,12,0.5089435810785774
SynthID,rtt,1,17,13,0.5034240206977403
SynthID,rtt,1,17,14,0.5069307020559407
SynthID,rtt,1,18,11,0.5060651806480505
SynthID,rtt,1,18,12,0.5066249153650997
SynthID,rtt,1,18,13,0.5063635283913205
SynthID,rtt,1,18,14,0.5073843604155756
SynthID,rtt,1,19,11,0.5099798152871616
SynthID,rtt,1,19,12,0.5075516805548026
SynthID,rtt,1,19,13,0.5097260106664496
SynthID,rtt,1,19,14,0.5147619389472509
SynthID,rtt,1,20,11,0.5025906338988729
SynthID,rtt,1,20,12,0.5055595604419747
SynthID,rtt,1,20,13,0.5040861721640144
SynthID,rtt,1,20,14,0.5039518988642787
SynthID,rtt,1,21,11,0.5118559842335886
SynthID,rtt,1,21,12,0.510754430161006
SynthID,rtt,1,21,13,0.5072521912973704
SynthID,rtt,1,21,14,0.5033302532305097
SynthID,rtt,1,22,11,0.5038311537527839
SynthID,rtt,1,22,12,0.503114682522162
SynthID,rtt,1,22,13,0.49654587836406017
SynthID,rtt,1,22,14,0.5061396853360376
SynthID,rtt,1,23,11,0.5047584129253821
SynthID,rtt,1,23,12,0.5018895855102752
SynthID,rtt,1,23,13,0.5085266457680251
SynthID,rtt,1,23,14,0.5050932499807195
SynthID,para,0,0,11,0.49706595907047085
SynthID,para,0,0,12,0.5019415714026493
SynthID,para,0,0,13,0.5005406276499004
SynthID,para,0,0,14,0.497019088930757
SynthID,para,0,1,11,0.5000443628453153
SynthID,para,0,1,12,0.5033002542709873
SynthID,para,0,1,13,0.49870729797362223
SynthID,para,0,1,14,0.4978538074712644
SynthID,para,0,2,11,0.5005595362491915
SynthID,para,0,2,12,0.5051569663740583
SynthID,para,0,2,13,0.49072466387245806
SynthID,para,0,2,14,0.501973694400856
SynthID,para,0,3,11,0.5023795695966653
SynthID,para,0,3,12,0.49976834172445456
SynthID,para,0,3,13,0.5034611977332056
SynthID,para,0,3,14,0.5017714829346327
SynthID,para,0,4,11,0.5005848795503969
SynthID,para,0,4,12,0.5010378160545013
SynthID,para,0,4,13,0.5021568611232882
SynthID,para,0,4,14,0.5043599754168306
SynthID,para,0,5,11,0.5052676170643503
SynthID,para,0,5,12,0.5026389081229131
SynthID,para,0,5,13,0.5076958632982974
SynthID,para,0,5,14,0.5028439909575811
SynthID,para,0,6,11,0.5053601737769218
SynthID,para,0,6,12,0.4964667946363222
SynthID,para,0,6,13,0.49854502090319663
SynthID,para,0,6,14,0.5025839565746579
SynthID,para,0,7,11,0.5034728047841209
SynthID,para,0,7,12,0.5027746791150975
SynthID,para,0,7,13,0.49953131722908595
SynthID,para,0,7,14,0.4981840849656942
SynthID,para,0,8,11,0.4988721828760143
SynthID,para,0,8,12,0.5008416870485836
SynthID,para,0,8,13,0.5051349822140897
SynthID,para,0,8,14,0.5014373258446534
SynthID,para,0,9,11,0.4953341950548305
SynthID,para,0,9,12,0.508630982627027
SynthID,para,0,9,13,0.5019818511796733
SynthID,para,0,9,14,0.4985669327498413
SynthID,para,0,10,11,0.49555503986343774
SynthID,para,0,10,12,0.5073658162611075
SynthID,para,0,10,13,0.500760975564397
SynthID,para,0,10,14,0.500473430120897
SynthID,para,0,11,11,0.5000313857765711
SynthID,para,0,11,12,0.5029034184206598
SynthID,para,0,11,13,0.5029366104901811
SynthID,para,0,11,14,0.5036495220403266
SynthID,para,0,12,11,0.4957464011625876
SynthID,para,0,12,12,0.4974799430399793
SynthID,para,0,12,13,0.4979848940691338
SynthID,para,0,12,14,0.49817682353791665
SynthID,para,0,13,11,0.5020055789396944
SynthID,para,0,13,12,0.5003697246923848
SynthID,para,0,13,13,0.4948787852599104
SynthID,para,0,13,14,0.49959478633888793
SynthID,para,0,14,11,0.49532011168956364
SynthID,para,0,14,12,0.5034365744949982
SynthID,para,0,14,13,0.5071336892782334
SynthID,para,0,14,14,0.5047838868303199
SynthID,para,0,15,11,0.5000386515133226
SynthID,para,0,15,12,0.5022285234037354
SynthID,para,0,15,13,0.5029850585485138
SynthID,para,0,15,14,0.5006513916093472
SynthID,para,0,16,11,0.49952599125012914
SynthID,para,0,16,12,0.49319365823955247
SynthID,para,0,16,13,0.49626577155840046
SynthID,para,0,16,14,0.49776747989641545
SynthID,para,0,17,11,0.5028067737452735
SynthID,para,0,17,12,0.5031827910496163
SynthID,para,0,17,13,0.5003688839895737
SynthID,para,0,17,14,0.49215518638347333
SynthID,para,0,18,11,0.5000808828857892
SynthID,para,0,18,12,0.50237783370372
SynthID,para,0,18,13,0.5045293960654462
SynthID,para,0,18,14,0.5030889827604244
SynthID,para,0,19,11,0.4978238508125061
SynthID,para,0,19,12,0.5045207961015244
SynthID,para,0,19,13,0.49952870257381005
SynthID,para,0,19,14,0.4988505747126437
SynthID,para,0,20,11,0.49844861908793453
SynthID,para,0,20,12,0.5040858390716232
SynthID,para,0,20,13,0.5025056386762631
SynthID,para,0,20,14,0.503405510302062
SynthID,para,0,21,11,0.5004353475806274
SynthID,para,0,21,12,0.5017606803534649
SynthID,para,0,21,13,0.49807226257001364
SynthID,para,0,21,14,0.5046910554874847
SynthID,para,0,22,11,0.4990395354031718
SynthID,para,0,22,12,0.49829867717986975
SynthID,para,0,22,13,0.5039806990858847
SynthID,para,0,22,14,0.4998688430079631
SynthID,para,0,23,11,0.5021996886528906
SynthID,para,0,23,12,0.4966729816361695
SynthID,para,0,23,13,0.49900684383443
SynthID,para,0,23,14,0.5018490995960427
SynthID,para,1,0,11,0.5258664809009637
SynthID,para,1,0,12,0.5170016119494869
SynthID,para,1,0,13,0.5182572300604008
SynthID,para,1,0,14,0.5124136038531363
SynthID,para,1,1,11,0.5136770122748852
SynthID,para,1,1,12,0.5179884728876271
SynthID,para,1,1,13,0.5238367075668497
SynthID,para,1,1,14,0.5087949078737078
SynthID,para,1,2,11,0.5538009695294083
SynthID,para,1,2,12,0.5681709745470318
SynthID,para,1,2,13,0.5640567951318458
SynthID,para,1,2,14,0.5548020050866505
SynthID,para,1,3,11,0.5185852376420045
SynthID,para,1,3,12,0.5176018692415282
SynthID,para,1,3,13,0.5173790162693634
SynthID,para,1,3,14,0.5144030285233405
SynthID,para,1,4,11,0.5133677328672751
SynthID,para,1,4,12,0.5332025410272963
SynthID,para,1,4,13,0.5285351181902906
SynthID,para,1,4,14,0.5359311994008876
SynthID,para,1,5,11,0.5152918791621829
SynthID,para,1,5,12,0.5019809557449187
SynthID,para,1,5,13,0.5250250887157681
SynthID,para,1,5,14,0.5292492079260224
SynthID,para,1,6,11,0.5409179793354926
SynthID,para,1,6,12,0.5400313386409544
SynthID,para,1,6,13,0.5408373203120252
SynthID,para,1,6,14,0.5423312475036614
SynthID,para,1,7,11,0.5471650345157698
SynthID,para,1,7,12,0.5232756179259562
SynthID,para,1,7,13,0.5541216244710909
SynthID,para,1,7,14,0.5523021159874608
SynthID,para,1,8,11,0.5200689769372642
SynthID,para,1,8,12,0.5149912574884628
SynthID,para,1,8,13,0.5203432359678078
SynthID,para,1,8,14,0.5207238554073544
SynthID,para,1,9,11,0.528779011245003
SynthID,para,1,9,12,0.5267325376191859
SynthID,para,1,9,13,0.5329730468245956
SynthID,para,1,9,14,0.5228168928143758
SynthID,para,1,10,11,0.5465491741998348
SynthID,para,1,10,12,0.5496128969651967
SynthID,para,1,10,13,0.5487034540737198
SynthID,para,1,10,14,0.5536408118358956
SynthID,para,1,11,11,0.5280779847694629
SynthID,para,1,11,12,0.5359865627317267
SynthID,para,1,11,13,0.5236950914646245
SynthID,para,1,11,14,0.5353224578061755
SynthID,para,1,12,11,0.5268721699756183
SynthID,para,1,12,12,0.524568810390745
SynthID,para,1,12,13,0.5368122717592977
SynthID,para,1,12,14,0.5390283783292757
SynthID,para,1,13,11,0.5441089308944196
SynthID,para,1,13,12,0.5274828588196562
SynthID,para,1,13,13,0.54542842215256
SynthID,para,1,13,14,0.5398558221564954
SynthID,para,1,14,11,0.5216822886611873
SynthID,para,1,14,12,0.5303848888097773
SynthID,para,1,14,13,0.5334165736854223
SynthID,para,1,14,14,0.5360208883719856
SynthID,para,1,15,11,0.5259155221885173
SynthID,para,1,15,12,0.5175965557431075
SynthID,para,1,15,13,0.5266804777317813
SynthID,para,1,15,14,0.5335890496310286
SynthID,para,1,16,11,0.5595801844022423
SynthID,para,1,16,12,0.5566519770417822
SynthID,para,1,16,13,0.5476168373090085
SynthID,para,1,16,14,0.5688668858475419
SynthID,para,1,17,11,0.5339938657411926
SynthID,para,1,17,12,0.5250255584738344
SynthID,para,1,17,13,0.5234870130717327
SynthID,para,1,17,14,0.5220034373330414
SynthID,para,1,18,11,0.528556436972004
SynthID,para,1,18,12,0.5334113833621222
SynthID,para,1,18,13,0.5101827276379234
SynthID,para,1,18,14,0.5275986782759469
SynthID,para,1,19,11,0.5540848941457461
SynthID,para,1,19,12,0.5373126093432607
SynthID,para,1,19,13,0.5257951517919547
SynthID,para,1,19,14,0.5388425890528499
SynthID,para,1,20,11,0.5222749329147743
SynthID,para,1,20,12,0.5221120423090867
SynthID,para,1,20,13,0.510803682849534
SynthID,para,1,20,14,0.5313311688311688
SynthID,para,1,21,11,0.5292643896994863
SynthID,para,1,21,12,0.5449847168911577
SynthID,para,1,21,13,0.5304926250843536
SynthID,para,1,21,14,0.5301681390709604
SynthID,para,1,22,11,0.5316621417375729
SynthID,para,1,22,12,0.5319203835084053
SynthID,para,1,22,13,0.5159962875705004
SynthID,para,1,22,14,0.5415570541106317
SynthID,para,1,23,11,0.5423433086928926
SynthID,para,1,23,12,0.5272180866195179
SynthID,para,1,23,13,0.5509663109878626
SynthID,para,1,23,14,0.5398438999424221
SynthID,launder,0,0,11,0.49816147683733897
SynthID,launder,0,0,12,0.507465570426545
SynthID,launder,0,0,13,0.5012150195638744
SynthID,launder,0,0,14,0.497019088930757
SynthID,launder,0,1,11,0.5013366254745565
SynthID,launder,0,1,12,0.5004540049724354
SynthID,launder,0,1,13,0.4957667079370933
SynthID,launder,0,1,14,0.4980949001118162
SynthID,launder,0,2,11,0.4985814483209671
SynthID,launder,0,2,12,0.5060375540583257
SynthID,launder,0,2,13,0.4928531137258632
SynthID,launder,0,2,14,0.5002456116948143
SynthID,launder,0,3,11,0.5053233548698358
SynthID,launder,0,3,12,0.49976834172445456
SynthID,launder,0,3,13,0.5046937253011808
SynthID,launder,0,3,14,0.5017714829346327
SynthID,launder,0,4,11,0.5003235918697543
SynthID,launder,0,4,12,0.499848647727586
SynthID,launder,0,4,13,0.4997384125255738
SynthID,launder,0,4,14,0.5056631220931423
SynthID,launder,0,5,11,0.5053151815402269
SynthID,launder,0,5,12,0.5069110910911727
SynthID,launder,0,5,13,0.5076958632982974
SynthID,launder,0,5,14,0.5015859123519387
SynthID,launder,0,6,11,0.5067383783163851
SynthID,launder,0,6,12,0.5004107472375998
SynthID,launder,0,6,13,0.4998868067375443
SynthID,launder,0,6,14,0.49946734870175674
SynthID,launder,0,7,11,0.5041775155203146
SynthID,launder,0,7,12,0.5023038913161649
SynthID,launder,0,7,13,0.4996094639323304
SynthID,launder,0,7,14,0.4976593521421107
SynthID,launder,0,8,11,0.4988721828760143
SynthID,launder,0,8,12,0.49856574875156984
SynthID,launder,0,8,13,0.5014370926008856
SynthID,launder,0,8,14,0.504329945709256
SynthID,launder,0,9,11,0.4960381703743027
SynthID,launder,0,9,12,0.5051019264795169
SynthID,launder,0,9,13,0.5021354422173435
SynthID,launder,0,9,14,0.49700177162345366
SynthID,launder,0,10,11,0.4976978216161172
SynthID,launder,0,10,12,0.5059941590976074
SynthID,launder,0,10,13,0.5007316875359232
SynthID,launder,0,10,14,0.5035117265910447
SynthID,launder,0,11,11,0.5000313857765711
SynthID,launder,0,11,12,0.5059905063457307
SynthID,launder,0,11,13,0.501868058873571
SynthID,launder,0,11,14,0.5036495220403266
SynthID,launder,0,12,11,0.4965154604282341
SynthID,launder,0,12,12,0.4991116252647303
SynthID,launder,0,12,13,0.5008135050931835
SynthID,launder,0,12,14,0.49964346971944873
SynthID,launder,0,13,11,0.5023350662331172
SynthID,launder,0,13,12,0.498341427780913
SynthID,launder,0,13,13,0.4958167885754093
SynthID,launder,0,13,14,0.502392938738643
SynthID,launder,0,14,11,0.49837553251346356
SynthID,launder,0,14,12,0.5032435208921768
SynthID,launder,0,14,13,0.5071336892782334
SynthID,launder,0,14,14,0.5059065969074379
SynthID,launder,0,15,11,0.5017123085112676
SynthID,launder,0,15,12,0.5025174728912082
SynthID,launder,0,15,13,0.5019517502276123
SynthID,launder,0,15,14,0.5013934310486035
SynthID,launder,0,16,11,0.49952599125012914
SynthID,launder,0,16,12,0.49319365823955247
SynthID,launder,0,16,13,0.5001469211771468
SynthID,launder,0,16,14,0.5004684753546171
SynthID,launder,0,17,11,0.5071557491620188
SynthID,launder,0,17,12,0.5063420220151444
SynthID,launder,0,17,13,0.4979046815253712
SynthID,launder,0,17,14,0.4981502772240649
SynthID,launder,0,18,11,0.5000808828857892
SynthID,launder,0,18,12,0.50237783370372
SynthID,launder,0,18,13,0.5009566230046899
SynthID,launder,0,18,14,0.49930092231866197
SynthID,launder,0,19,11,0.49942895040235663
SynthID,launder,0,19,12,0.5046125591580137
SynthID,launder,0,19,13,0.503290674842399
SynthID,launder,0,19,14,0.4972131239720539
SynthID,launder,0,20,11,0.4978967392760496
SynthID,launder,0,20,12,0.5020180178937435
SynthID,launder,0,20,13,0.5025056386762631
SynthID,launder,0,20,14,0.5015545043556744
SynthID,launder,0,21,11,0.5042709406142797
SynthID,launder,0,21,12,0.5019442629044188
SynthID,launder,0,21,13,0.49845433217572566
SynthID,launder,0,21,14,0.5049500747064809
SynthID,launder,0,22,11,0.4996916238295549
SynthID,launder,0,22,12,0.5002767559992993
SynthID,launder,0,22,13,0.4994115382500137
SynthID,launder,0,22,14,0.5011266833520654
SynthID,launder,0,23,11,0.5015606479118909
SynthID,launder,0,23,12,0.49547109331131906
SynthID,launder,0,23,13,0.49900684383443
SynthID,launder,0,23,14,0.5003460991966739
SynthID,launder,1,0,11,0.5197455337209249
SynthID,launder,1,0,12,0.511383333612727
SynthID,launder,1,0,13,0.5096158457627931
SynthID,launder,1,0,14,0.5114007441268338
SynthID,launder,1,1,11,0.5040212246506655
SynthID,launder,1,1,12,0.5132177613274415
SynthID,launder,1,1,13,0.5123734024596094
SynthID,launder,1,1,14,0.5160321529282857
SynthID,launder,1,2,11,0.5538009695294083
SynthID,launder,1,2,12,0.5473746081504701
SynthID,launder,1,2,13,0.556861393821734
SynthID,launder,1,2,14,0.5468691646956305
SynthID,launder,1,3,11,0.5084464857973647
SynthID,launder,1,3,12,0.5128186811662552
SynthID,launder,1,3,13,0.5216322785708825
SynthID,launder,1,3,14,0.5174113444530868
SynthID,launder,1,4,11,0.49138500701504245
SynthID,launder,1,4,12,0.5302092321122225
SynthID,launder,1,4,13,0.5163624809098947
SynthID,launder,1,4,14,0.5312584356495995
SynthID,launder,1,5,11,0.5073709151362393
SynthID,launder,1,5,12,0.5072939366747853
SynthID,launder,1,5,13,0.5173792045289208
SynthID,launder,1,5,14,0.5252122035712999
SynthID,launder,1,6,11,0.5214433934481962
SynthID,launder,1,6,12,0.5386783699059562
SynthID,launder,1,6,13,0.5213014228731321
SynthID,launder,1,6,14,0.5187049469691447
SynthID,launder,1,7,11,0.5430123467967362
SynthID,launder,1,7,12,0.5085845189293465
SynthID,launder,1,7,13,0.5135536914738223
SynthID,launder,1,7,14,0.5367182944042578
SynthID,launder,1,8,11,0.5203690864571415
SynthID,launder,1,8,12,0.5107314936487078
SynthID,launder,1,8,13,0.5234446877597779
SynthID,launder,1,8,14,0.5172622779519331
SynthID,launder,1,9,11,0.5202330729858492
SynthID,launder,1,9,12,0.5303031385861473
SynthID,launder,1,9,13,0.5181685976299618
SynthID,launder,1,9,14,0.5153916320740357
SynthID,launder,1,10,11,0.5325050388461152
SynthID,launder,1,10,12,0.5449351943885165
SynthID,launder,1,10,13,0.5487034540737198
SynthID,launder,1,10,14,0.5502354387267094
SynthID,launder,1,11,11,0.5191602841305207
SynthID,launder,1,11,12,0.528204327205406
SynthID,launder,1,11,13,0.5169370523762671
SynthID,launder,1,11,14,0.5353224578061755
SynthID,launder,1,12,11,0.5189834605195107
SynthID,launder,1,12,12,0.5128494658051308
SynthID,launder,1,12,13,0.5166909644848988
SynthID,launder,1,12,14,0.5160841738872312
SynthID,launder,1,13,11,0.5320752846717137
SynthID,launder,1,13,12,0.5233008781581515
SynthID,launder,1,13,13,0.5125909858513225
SynthID,launder,1,13,14,0.5199808083114774
SynthID,launder,1,14,11,0.5155753436413106
SynthID,launder,1,14,12,0.5172641944212492
SynthID,launder,1,14,13,0.5096985688014711
SynthID,launder,1,14,14,0.5240612043144025
SynthID,launder,1,15,11,0.5158787365937779
SynthID,launder,1,15,12,0.5187441032352315
SynthID,launder,1,15,13,0.5101875901875902
SynthID,launder,1,15,14,0.5152496108161133
SynthID,launder,1,16,11,0.5555927228551283
SynthID,launder,1,16,12,0.5432351851982895
SynthID,launder,1,16,13,0.5301161072976129
SynthID,launder,1,16,14,0.5465950213839237
SynthID,launder,1,17,11,0.5244853299195238
SynthID,launder,1,17,12,0.5205290857664933
SynthID,launder,1,17,13,0.5119661499525466
SynthID,launder,1,17,14,0.526633807304086
SynthID,launder,1,18,11,0.5207028901384377
SynthID,launder,1,18,12,0.5188957068854354
SynthID,launder,1,18,13,0.5131117033578969
SynthID,launder,1,18,14,0.5152248827230484
SynthID,launder,1,19,11,0.5235638107559291
SynthID,launder,1,19,12,0.5352840694462843
SynthID,launder,1,19,13,0.5203856503213302
SynthID,launder,1,19,14,0.5258252920264094
SynthID,launder,1,20,11,0.5126097178683385
SynthID,launder,1,20,12,0.5221120423090867
SynthID,launder,1,20,13,0.5127523167902431
SynthID,launder,1,20,14,0.5194620027293855
SynthID,launder,1,21,11,0.5197261463719144
SynthID,launder,1,21,12,0.5162550685777751
SynthID,launder,1,21,13,0.5160888414593476
SynthID,launder,1,21,14,0.5217997480101058
SynthID,launder,1,22,11,0.5144502496226634
SynthID,launder,1,22,12,0.5205873115390357
SynthID,launder,1,22,13,0.5056928777997787
SynthID,launder,1,22,14,0.5236228488831309
SynthID,launder,1,23,11,0.5274800440235033
SynthID,launder,1,23,12,0.5209222648794125
SynthID,launder,1,23,13,0.5312013142128647
SynthID,launder,1,23,14,0.5319379304944661
SynthID,launder_api,0,0,11,0.494031679996875
SynthID,launder_api,0,0,12,0.4969555891910504
SynthID,launder_api,0,0,13,0.501340116596125
SynthID,launder_api,0,0,14,0.49889007026808585
SynthID,launder_api,0,1,11,0.4994275699749419
SynthID,launder_api,0,1,12,0.49679975445224567
SynthID,launder_api,0,1,13,0.4987873317030205
SynthID,launder_api,0,1,14,0.4987739548451884
SynthID,launder_api,0,2,11,0.4979790773369846
SynthID,launder_api,0,2,12,0.49973401728887623
SynthID,launder_api,0,2,13,0.4929748662910119
SynthID,launder_api,0,2,14,0.5020605606287766
SynthID,launder_api,0,3,11,0.4985630753278145
SynthID,launder_api,0,3,12,0.49367522840683165
SynthID,launder_api,0,3,13,0.4973283308983106
SynthID,launder_api,0,3,14,0.5039642917037553
SynthID,launder_api,0,4,11,0.500846296405828
SynthID,launder_api,0,4,12,0.4962263093924536
SynthID,launder_api,0,4,13,0.4979302791101711
SynthID,launder_api,0,4,14,0.49569013129577927
SynthID,launder_api,0,5,11,0.5007828869361833
SynthID,launder_api,0,5,12,0.5013150371640938
SynthID,launder_api,0,5,13,0.5008839175453595
SynthID,launder_api,0,5,14,0.49782824933687003
SynthID,launder_api,0,6,11,0.5004581743302692
SynthID,launder_api,0,6,12,0.501264044641222
SynthID,launder_api,0,6,13,0.4993576796818551
SynthID,launder_api,0,6,14,0.49866572370199697
SynthID,launder_api,0,7,11,0.4989875954528178
SynthID,launder_api,0,7,12,0.4965659342342045
SynthID,launder_api,0,7,13,0.506526055154241
SynthID,launder_api,0,7,14,0.5024646794408069
SynthID,launder_api,0,8,11,0.5049173188358141
SynthID,launder_api,0,8,12,0.501278154562539
SynthID,launder_api,0,8,13,0.5023443847010872
SynthID,launder_api,0,8,14,0.5027089979239455
SynthID,launder_api,0,9,11,0.4966063781196688
SynthID,launder_api,0,9,12,0.5006079261060336
SynthID,launder_api,0,9,13,0.49289962852717295
SynthID,launder_api,0,9,14,0.5014444936225003
SynthID,launder_api,0,10,11,0.5061850490777471
SynthID,launder_api,0,10,12,0.5023223779762491
SynthID,launder_api,0,10,13,0.5066278224524101
SynthID,launder_api,0,10,14,0.5034253668366142
SynthID,launder_api,0,11,11,0.5002838632631735
SynthID,launder_api,0,11,12,0.50363870861341
SynthID,launder_api,0,11,13,0.4986933555740895
SynthID,launder_api,0,11,14,0.4995929172792354
SynthID,launder_api,0,12,11,0.5025996571092444
SynthID,launder_api,0,12,12,0.5020996746565185
SynthID,launder_api,0,12,13,0.5014314912297997
SynthID,launder_api,0,12,14,0.5009494197046762
SynthID,launder_api,0,13,11,0.5068531507693169
SynthID,launder_api,0,13,12,0.5008840026813351
SynthID,launder_api,0,13,13,0.49834668787298925
SynthID,launder_api,0,13,14,0.4977902457951235
SynthID,launder_api,0,14,11,0.49884065929875143
SynthID,launder_api,0,14,12,0.5024498363553506
SynthID,launder_api,0,14,13,0.501353989941656
SynthID,launder_api,0,14,14,0.5068001977351426
SynthID,launder_api,0,15,11,0.49930821416347637
SynthID,launder_api,0,15,12,0.496638935336673
SynthID,launder_api,0,15,13,0.4975939485017101
SynthID,launder_api,0,15,14,0.49862980334849666
SynthID,launder_api,0,16,11,0.4969179565222771
SynthID,launder_api,0,16,12,0.5009192339363782
SynthID,launder_api,0,16,13,0.5034167921942218
SynthID,launder_api,0,16,14,0.5012279364003501
SynthID,launder_api,0,17,11,0.5019864211338826
SynthID,launder_api,0,17,12,0.5043136759868998
SynthID,launder_api,0,17,13,0.5019790794750174
SynthID,launder_api,0,17,14,0.4965527716888878
SynthID,launder_api,0,18,11,0.5061384797697647
SynthID,launder_api,0,18,12,0.5006157884815438
SynthID,launder_api,0,18,13,0.5041646129479571
SynthID,launder_api,0,18,14,0.5034977667248184
SynthID,launder_api,0,19,11,0.49560535228014346
SynthID,launder_api,0,19,12,0.5017011245459522
SynthID,launder_api,0,19,13,0.5043298593705967
SynthID,launder_api,0,19,14,0.4984791196905535
SynthID,launder_api,0,20,11,0.4995589134632516
SynthID,launder_api,0,20,12,0.49946739501536364
SynthID,launder_api,0,20,13,0.5024892429611123
SynthID,launder_api,0,20,14,0.49694200567789826
SynthID,launder_api,0,21,11,0.500878578892372
SynthID,launder_api,0,21,12,0.5034500174155346
SynthID,launder_api,0,21,13,0.5051028308159969
SynthID,launder_api,0,21,14,0.5019309078243248
SynthID,launder_api,0,22,11,0.4972354703920989
SynthID,launder_api,0,22,12,0.49745506967579023
SynthID,launder_api,0,22,13,0.5001484783532691
SynthID,launder_api,0,22,14,0.49647482893450634
SynthID,launder_api,0,23,11,0.4994349767265128
SynthID,launder_api,0,23,12,0.4946880719419904
SynthID,launder_api,0,23,13,0.5004522801256013
SynthID,launder_api,0,23,14,0.5045819310088402
SynthID,launder_api,1,0,11,0.5068071126224253
SynthID,launder_api,1,0,12,0.5028070187980541
SynthID,launder_api,1,0,13,0.5085263743570954
SynthID,launder_api,1,0,14,0.5024576704621928
SynthID,launder_api,1,1,11,0.4993491101834857
SynthID,launder_api,1,1,12,0.5015934616423845
SynthID,launder_api,1,1,13,0.49590725206213554
SynthID,launder_api,1,1,14,0.5046815537236993
SynthID,launder_api,1,2,11,0.5038006977633885
SynthID,launder_api,1,2,12,0.5143891347427826
SynthID,launder_api,1,2,13,0.5068926036180444
SynthID,launder_api,1,2,14,0.5025960587500985
SynthID,launder_api,1,3,11,0.5050954397887801
SynthID,launder_api,1,3,12,0.5020911785388038
SynthID,launder_api,1,3,13,0.5033720878120349
SynthID,launder_api,1,3,14,0.4992740915900443
SynthID,launder_api,1,4,11,0.5069759665621735
SynthID,launder_api,1,4,12,0.5100732766835564
SynthID,launder_api,1,4,13,0.49862590278210284
SynthID,launder_api,1,4,14,0.5092731734801532
SynthID,launder_api,1,5,11,0.5010858073636979
SynthID,launder_api,1,5,12,0.5025834422274431
SynthID,launder_api,1,5,13,0.4969381698761009
SynthID,launder_api,1,5,14,0.5016201796712565
SynthID,launder_api,1,6,11,0.5074125874125874
SynthID,launder_api,1,6,12,0.5069794005600254
SynthID,launder_api,1,6,13,0.5142391157759518
SynthID,launder_api,1,6,14,0.5091077813887052
SynthID,launder_api,1,7,11,0.5077872662414875
SynthID,launder_api,1,7,12,0.5186603875314315
SynthID,launder_api,1,7,13,0.5088158170939755
SynthID,launder_api,1,7,14,0.5103584237643651
SynthID,launder_api,1,8,11,0.5057147956174928
SynthID,launder_api,1,8,12,0.49630364326549714
SynthID,launder_api,1,8,13,0.5022339254615117
SynthID,launder_api,1,8,14,0.5029814141772301
SynthID,launder_api,1,9,11,0.5067284728257979
SynthID,launder_api,1,9,12,0.5016759543730356
SynthID,launder_api,1,9,13,0.5008401835108992
SynthID,launder_api,1,9,14,0.5082125815668136
SynthID,launder_api,1,10,11,0.5097918297798589
SynthID,launder_api,1,10,12,0.5113059445331304
SynthID,launder_api,1,10,13,0.5035793650493539
SynthID,launder_api,1,10,14,0.5004846788279795
SynthID,launder_api,1,11,11,0.5057088453429631
SynthID,launder_api,1,11,12,0.5000695464207894
SynthID,launder_api,1,11,13,0.5070095010298319
SynthID,launder_api,1,11,14,0.507100063022102
SynthID,launder_api,1,12,11,0.5023896739394866
SynthID,launder_api,1,12,12,0.5027923434976727
SynthID,launder_api,1,12,13,0.4962859303648025
SynthID,launder_api,1,12,14,0.5059466326221054
SynthID,launder_api,1,13,11,0.5046314149957611
SynthID,launder_api,1,13,12,0.5077662451940624
SynthID,launder_api,1,13,13,0.5044448050931185
SynthID,launder_api,1,13,14,0.5049473706188166
SynthID,launder_api,1,14,11,0.5071370390192931
SynthID,launder_api,1,14,12,0.5069694112460815
SynthID,launder_api,1,14,13,0.499915841929829
SynthID,launder_api,1,14,14,0.5080163335482484
SynthID,launder_api,1,15,11,0.5026012727162152
SynthID,launder_api,1,15,12,0.5053822895128839
SynthID,launder_api,1,15,13,0.5029565702264633
SynthID,launder_api,1,15,14,0.5042667858107184
SynthID,launder_api,1,16,11,0.5140596720667151
SynthID,launder_api,1,16,12,0.5085806809944741
SynthID,launder_api,1,16,13,0.5074957744214664
SynthID,launder_api,1,16,14,0.506236102580852
SynthID,launder_api,1,17,11,0.5028551091426764
SynthID,launder_api,1,17,12,0.5062710238902964
SynthID,launder_api,1,17,13,0.4985106234761407
SynthID,launder_api,1,17,14,0.5042546380086912
SynthID,launder_api,1,18,11,0.504240748728364
SynthID,launder_api,1,18,12,0.5065436330296118
SynthID,launder_api,1,18,13,0.5019557259965225
SynthID,launder_api,1,18,14,0.5005024070756829
SynthID,launder_api,1,19,11,0.511372052442207
SynthID,launder_api,1,19,12,0.5075399716076767
SynthID,launder_api,1,19,13,0.5063459579529846
SynthID,launder_api,1,19,14,0.50048679902473
SynthID,launder_api,1,20,11,0.497890257955855
SynthID,launder_api,1,20,12,0.5026298064144995
SynthID,launder_api,1,20,13,0.5022279490483424
SynthID,launder_api,1,20,14,0.5044503947521188
SynthID,launder_api,1,21,11,0.5057522486528572
SynthID,launder_api,1,21,12,0.5162696652095804
SynthID,launder_api,1,21,13,0.5087315442260725
SynthID,launder_api,1,21,14,0.5055211511474471
SynthID,launder_api,1,22,11,0.5055184935706452
SynthID,launder_api,1,22,12,0.5088479977209389
SynthID,launder_api,1,22,13,0.49532883307370296
SynthID,launder_api,1,22,14,0.5152376859584892
SynthID,launder_api,1,23,11,0.5031521896438866
SynthID,launder_api,1,23,12,0.5029238329238329
SynthID,launder_api,1,23,13,0.5060563410317105
SynthID,launder_api,1,23,14,0.5079245353522008
